CREATE DATABASE  IF NOT EXISTS `kernel` /*!40100 DEFAULT CHARACTER SET latin1 */;
USE `kernel`;
-- MySQL dump 10.13  Distrib 5.6.13, for Win32 (x86)
--
-- Host: 192.168.25.27    Database: kernel
-- ------------------------------------------------------
-- Server version	5.5.34-0ubuntu0.12.04.1

/*!40101 SET @OLD_CHARACTER_SET_CLIENT=@@CHARACTER_SET_CLIENT */;
/*!40101 SET @OLD_CHARACTER_SET_RESULTS=@@CHARACTER_SET_RESULTS */;
/*!40101 SET @OLD_COLLATION_CONNECTION=@@COLLATION_CONNECTION */;
/*!40101 SET NAMES utf8 */;
/*!40103 SET @OLD_TIME_ZONE=@@TIME_ZONE */;
/*!40103 SET TIME_ZONE='+00:00' */;
/*!40014 SET @OLD_UNIQUE_CHECKS=@@UNIQUE_CHECKS, UNIQUE_CHECKS=0 */;
/*!40014 SET @OLD_FOREIGN_KEY_CHECKS=@@FOREIGN_KEY_CHECKS, FOREIGN_KEY_CHECKS=0 */;
/*!40101 SET @OLD_SQL_MODE=@@SQL_MODE, SQL_MODE='NO_AUTO_VALUE_ON_ZERO' */;
/*!40111 SET @OLD_SQL_NOTES=@@SQL_NOTES, SQL_NOTES=0 */;

--
-- Table structure for table `company`
--

DROP TABLE IF EXISTS `company`;
/*!40101 SET @saved_cs_client     = @@character_set_client */;
/*!40101 SET character_set_client = utf8 */;
CREATE TABLE `company` (
  `company_id` int(10) unsigned NOT NULL AUTO_INCREMENT,
  `nombre` varchar(45) NOT NULL DEFAULT '',
  `logo` blob,
  PRIMARY KEY (`company_id`)
) ENGINE=InnoDB AUTO_INCREMENT=10 DEFAULT CHARSET=latin1;
/*!40101 SET character_set_client = @saved_cs_client */;

--
-- Dumping data for table `company`
--

LOCK TABLES `company` WRITE;
/*!40000 ALTER TABLE `company` DISABLE KEYS */;
INSERT INTO `company` VALUES (0,'Usuario Interno','\0JFIF\0\0`\0`\0\0\0C\0\n\n\n\r\r\0C		\r\r\0\0\"\0\0\0\0\0\0\0\0\0\0\0\0	\n\0\0\0\0}\0!1AQa\"q2#BR$3br	\n\Z%&\'()*456789:CDEFGHIJSTUVWXYZcdefghijstuvwxyz\0\0\0\0\0\0\0\0	\n\0\0\0w\0!1AQaq\"2B	#3Rbr\n$4%\Z&\'()*56789:CDEFGHIJSTUVWXYZcdefghijstuvwxyz\0\0\0?\0S(\0(\0(\0(\0(\0(\0(\0(\0(\0(\0(\0(\0(\0(\0(\0(\0(\0(\0(\0(\0(\0(\0(\0(\0(\0j&uu\"EooJ\0SJ .WϿj$|a3¯xCJ;-1`\n018Es	Ծ1\0OV\Z$nNw\"O-q$K\0f?_.|+Ex{-]nubb&`nz׭J\ZQu*+vZ&ZޞgNmF*>y\0WZt;Cs%Ɩqobx$1\\q޸7$>\n5P`ɩZjNnbۅlQcGx&}@l\rbd6[͹bB g-o\ZxOIsisq\nW\0F9y#E:\r$mo]}י^/G6cJ䤷pufa$gm܁F+O1`&suh.\0;,b$<+|܎m7Ğ$o6=SĶm12GgWH.\\y3U|q.I#(}tf^\Z㕪?7mi4kEwѭ˂Q7*@$իPC)t5%Gׄ5ص]\"h!M\n#x8DNO˅r0N1UO>\"52;\r;(nH<;{f8:c}{|)/Y˝@2@·EمQA!EPEPEPEPEPEPEPEPEPEPEPEPEPEPEPEPEPEPEPEPEPEPEPEPEPuWz]ԵOKQ^g`_@X3Ub<Wߴg/\\x&uhlo#tya\0tpzqUi\0~8OoD\\^7.D,\r\'f\r)~\"EЭ\0|v-tK{e-6V#ؚhA*Nj7wٷD=u<ڒX($ݾK^ֆ>S[|eXEq֩tۆH\0SY%b\rC=p4zG0LXl+!sҸ\r3\'c{Դjvj@m\\,di^Q,>4ɫJ!C#~T\'R5	wEJ*2[6tt#^,t2arNXHҺ;3y<;YLc\'n(ǘ+kd}IG,M8<w^jtЮsl4)rw%\\nP	ݴU|G<e߉^m6F*.R	\'j~UXyr僺֕fO*i~\ZwpifQ(EIpXU?x}K\0:ճh7\Z/Y	5bH,`ONeլP$d\\Ooy/\0e}\ZKy1]x^xKyՙA\'PtRZ\0Cס/֏!#MG$VN&шʖAPpRƪx鉢QbKQ\"Añ\03xoC{g3M0ъʾU`TgsYZƽ3z<NTBDEp0B#g%̗UtAd3<=Zq]G_B\\+o^z\'Gխ:IA!G_2C][ׇ5v{4Dh\\m\'$̀x;nŗ#Oß$r*\rd~9Jte:+7OuSQEaEPEPEPEPEPEPEPEPEPEPEPEPEPEPEPEPEPEPEPEPEPEPEPEP^aNxQm>$>]NMߟ9]+4i<5megڂ#8w@[dgR۞1Lco\n}Yh<1hUkyaG.GC\n\n+ckޞ|mNۀ<Iyry4֍=Ooikt5\rėш\0݂]F?}!C?~1i:cq6V+H\'9joCprJ[<*{9?oo,!$\"|Jn8<|9-暲@n#}<?zYI*H9<EOۢ2\"!\r.\'U-\\\00H\"RGsoYT:HEFo-pLr`;d{Fj3_{g:1$r)NAƳiz3s;%║Ap@ס=f.R4oʭvi-Cq`(>a\\+1R~\0Nw߳e\\j~	uOjS +iܘlQd^>\r5\r?\ZrKqY	ZhV#1Pp0z{W__A/XxX]_SoYU$8z-/_fu+MATM(\0\'i=kխOݯedGQkV(&Sc{/,<E\ZRb5g89z//Y_ؗF@ 7_<k\0{/&/\"xH\0Xy2QޓqkgQ/}htzsiҵkF,LŔ0>w5jmu|oK+IcU1TP8z6+៊6wziF&rp1cs^$6udsF}qWT%NU%+K}A*ѡvZxZ~)rx87D\Zûw,~_@?:+kEF:Oc+\n(\n(\n(\n(\n(\n(\n(\n(\n(icǟ\r\0߄~)˫\\;f(F\0|(AmѝyCʥHҏ4˟Ē\0f-[d~®O@>f?ltMVo,s\r*n\'\ne}б)]3o8cUirƜ>Ƣ\Zyqnf\0$i➐QE\0QE\0QE\0QE`xya\r|Cni|uky0N@-N:\Zi9;%I]W\0N|\0\0mkOkWڞwUdu$0>ʜᬢ1eh̰(\0(\0(\0(\0(\0(\0o߆/]]p_h|	T*?x|8=iRK0ǀ<Uj|[o$a4Utں&m~S6>.oj,d7Vw5Ni6j]\'?(|+^m2󙮴Gdv̢V\"A:\roVXOZs/l!R\Zy%ж~rQW>\"^2+x]Z_}Sn22A<\rz~n}O\096i-ש>5=JϞXӭ>`u6d 5s@UtECTo.pn\\Y|հ\n1\rx~\nA;\nF]\0\0lPw\\om͒8Heϲ1@/|˒@\"JqVެ9ë躍zM4iByD 8*S_I|E}$O֕W1\n	j:6M5=26НASFAyg+.<)4}%դ:%帼YqI#oL1p6iϯ+YtCzaalIJnp:z\nOI\0^-w1\nk k̤w_GO]PD6IwYY\0;W|;]=^8)|K7ORr\0\\`u<a^X-W؎x.x=ֵ_Z.M<EXOu#ou=>1U~9YIFx}{޵x&Wu`|F\0[=yDwXF5/&#-#UaB1NS]:zTx֙}̱m{)𯉾*jio\rv[Fnfg?({WоL=o$8#+μUgh:WZ%DcP\'Үir,rgYR$M;V<90Ј*Ȥp^\Z;DݱČ\0e<e&O^qUjǺ\0Ziֵfh!t.$e+!?^7ţ`-swo~Uܾ\\YG\'|ω߳j6 ԑA]#P6ns~5蟳Gk?ÝWX>|^$rZjWڄJP<rYuSA[zUgU[;>,j`\r§\0\"\0g\0\'\0/\0j?3ڳXC?wyVPx+\0<\0x;\0\nW\0uϚҥM|\0cэ?\0>mu~ҟⴺ¯h67&)dae`N3Jݶ\0x<[kf}1Bv9Nqo(@xR4z>kN$Ѵw+LX,N=+*vEN\0ݏ&2\nW?oxJ#$ImR+\0G+ۣoO\n4]NZimV9@]\'=^ɭ|2\0,ĿW6\0F|Nx\0c5x/絋8=]wo<$b7v;3y?+ς\rIgsUEp1+HKZOrΑ=\0k1LCmo\ZkQF|֞E6V~g|E\0||M.\0^uFnq\\TU\0jڊP-hj,R[rLF;~O_/>\nqӮ&	ƣo\'mlF\'tIm^a?k\Z43Kkyy0*ҨF2G9Q^c3\nBԭ<g^w0\\1H+rAkM~qee<?bGvx,\Z\n[]vr\Z_0wG2+UOnohVW;,y7+e|E6Cu,)$Hg׊ω4wLtku+x.QJbup@5?Ot9]Y_C\rN5]6\0a֛QK+ƭ>HcR^f8\0`d3@ڏXxX[݇7c7\0A}+K\niqƺfqR@0]kex|NV،~:\ZΛGß(G|1$m3\ZI7\0~U0~\0Ub4Ad\"~Y+gğ	>\rx[º/\r{Yn;1whO83Oy?ۼK\0\0Ml<Fan\0TE9֕/\0g[־~eqs%c\\\'$O\0\\.UǂZmPHBB+gO6\0l\0_g<mc⟉aoZZ^g>o%\rrsu6\nkB0Կ\rٍlLZT*9y5\0\0Jn~+<7WąY2ܦCN3	\0?xWU}oM^=֝4Q*9@0__?akQZ~筁R.j~^\0\n/~;k\nKmjW6QI4%#d7?&:<e.I10X>re̲g|UK=\0^\0쵏گK3iwv۳J oF_][u]+_>~+:\n{sR\rGÿ.4.7FX2TpIsCV\rFG?vk+~K?}է\0?e(τ~/$|5tD[hnXe˜]=_!\0_~xG㧅3$k<ȠC19\0m|\0\0B\0va*E:ZviQڝDמ\0y|NfSOo6LAA_(Sumළ-5\"oSiᴃ1s׃-<+K9,4;G᷒ww.3ܳ׽|\0q\0/\0In+/Px(_wъrXY9oco\0B.\0}O\0+P\0msqVQK۲Ýtd~\nW}\0&V\r}EF-<rI\'طGў<#My$󭵖l?{u!9`WjnbX9 |K\0wD6)c{p`}\rsXRg=8xo\0fxT+,ʰհѭU]?0R*tݒ?I~~ݟ6\0\0\n<?YH!kkkdv?˖~AWeuoMO_a1l->\Zac[bĠ*(Fw\03Ն\Z*\0#wO~%=\ZTNC1MG+\nxk`3i,v\0هkNs7G뺧n\'Kon]V#rd\0emKQt1PwR\0/n\0J<Cj8үn: ]qc˸9˂IP2N=xO/\'!e!{q;7\rkj[Hon-n&gR0y3vUT-ZG>&\0|;-/Zο&u+vXR@ـ<V\0xΫm|e.lyϚKLc=|3G\ngevC\\xGtHޱ#m᷈+OEγTH$ $=]Bm5o|UsUo$\0\r!kO\nH$`P}A}\rI\0g\0)C\0h#N|FrӮ=՜O1k\0<\0x;\0\nW\0uJS_?ci+S\05^+\0|(r-HxLڬL\n=8k+ǄŔ]_8<\"2sy~^{AFcapIv3u8k\\]:\0ݏ*2$s-\'⿀_RVn\'rU\00aӜdq\0:_\0fɩڛҴɵ[)S[{Q)Q 0v\0a4/K^vޗy_BWppe8[\r|F_>^4|1xLĿ	> h@ץj/ɱ,N$Y˟3v	PEz=ouս=׈<+=˽ŕmΞgb@#P7@UO\"W,&MK>)G$Yy&.Y0UᯍlB\rSm\0	^NG0pC*]8s^.rg毷cJJ1J[<?>QζI8#U)ex!a},kM*@3KO%6\\|7l*ъ`\rA~ x}\"(cj:++	7*p5\ZrR^뺶3?\r|D\ZxЪDiW4PX.=g=kFI.@RL-2HKrqzSDk+{ LMps7H\"w+獤g<Ux@݊d:\n¾T3H=V׃OG\nx//\nml\"y5Ѱ 7)\0`3U<M7~\'h_D݈?hӡHd퐽+EhwWqj1P6PGSpxS]\0kj֛#T7pH	\'֕8Zu~w%\'9|pm,X<`k\0\\bjZMվpD-r_\0j%o<٨>=`⟢Jŕ[J3ݷ>sIV3%VzףO%&n޿}NUqƻ|=3jW0Fv~$w5?_x$b7jx6RdMʒ){qǿ+ݫ:VJ-vU-uzm\0xRh\Z+%\'&RI\rլW2Fx`A\0\0wgiOl5l󽩍b5g!eE\'~.fm6i\\HrE3}6?_W_<ԤKR%F	꼿5xRU*Xgo<D+Į~^\0\0@O}6?_?ͅYK\0=kWe??/\0࢟;?^\Z=Ƴek|5V%q!eEbp\0|_ѩдֶ[sڛum#\rc>\"7l?½.uO	IRI{g\0yom\0&#_\0_zu\0`ۯ\ZwC\Z*\"=\0cݝ(W {dW_[l7om?å\0_ʳ4pA\ZM#O:2V`h߭c\0\"/\0!̪t=H &vUѿc\0ۂΖh;lNZ]N{_	|\0;\0I\0k\0aOZ88\"(\n\0Q]jyWV\\ǜ.}pkģX^׳N/iEҾ_O3\0\0K\'s\0_F\0M\'UkXlXmH\"_jG\nsc*jf{l|\0Fw}OTӭ^#VݑsxW8=kB#5|1IlI=̟W\np׽Bqywj{E+|?b۳\nh5}嵞D%2>b>⾑\0\0E\'J\0&\0+ؿѿc\0/&\0+έ[ZrI__\'e:uC;y?<wO+\0O\nIb.sRu\0_F\0M\'Q\0\0@OTa/	&|ԼH|1s/-eYLKe$*YKNp955cEDPT`NT69R]lҜgww,>:\0\0=}\0`?jhA\0WoHKwcnxmtM:o6\\c|P>Wl<{;]Z\0xNϳKQE|Q@|3\0q\0/\0In+jy1]Ctw0\\\Zxֵa^*wxc5߆?\0kӿѿc\0~#\"5$TETz\0+sE(r{rϿ+ûW>񅝳mMsax郰J$ucJd&EWFeaG\0\0@OtBe~URf/(7+~|s☴kesŭI@\"d(x+\0>\0Iҿ/Eo\02	\0d\0\n*Uԛ\0Є+*<\0Ed\rlKK;@#?A\rwT~ IӯoSR\'\"P\0*J\0_F\0M\'Q\0\0@O&;\rTݧ\0،5lEkvO&\0~97|_:v41,F*p[%LWn:&\r\"Ky\">r/=OicmZms3S3U`Xz>IJgZ.sa}^[HMƾ\0}~~+ꗾ2Uҵ]<\0kwN+9W )\n;Idn4\r2f}:y[I$\n~}6?^|NJZ>\0y4QB{y<fuoMUuΌ30A4ۿۻ5m9J1*I{G\"7l?Eo\02|6e\0/D_\0\0~~Fn!\ZzΦm&ʂ,JK06FF߳}>>B݌gqޢ\0_F\0M\'Wi`{*t\0\0ONz<_\0Hq\0^R\0DuV0DĿv8*-|j֤ZmN<P27/(tu]a-ZMU]iA<llsʆcwQT~xk\n麔\Z\"%Μ.luˢ{o(xv$Ɇ0\"m$gϟ߄`mu;]]nU@v**+HTN/r\\Z:1<w\ZX4>DloykmcZ	>tUSS\ZΉi/\Z_H#$\\M)B\\d8Vvi:hiZmTbA4,\\>=G^\"/qwT@HW\n扥R}غÏ\0tuk[kO6gJU!	#漫~U\ZGCtTJ\r>bP5	<ws-׆Ah\"Fu3*b2m$J㷀w3kpFkn\r;.XxO5u}Ȥfӿ4 j.$nė1PF6Ɏz5\rׇneNetaqEQ^u1@$ݎ<wu\0~xK{[M\Z(ddetym=˧\\NE%\0tETʦKk;zWIBEc_	4kGAҹwn\Z:vv]ZYeS$d(SdlN5=yUOi\"ko$󍮑<lr@L8nkܴVӭv/\"F9,䟩S7d[NTy;\'֯rJhC1]]NܦQEQE\0QE\0QE\0QE\0QE\0QE\0QE\0QE\0QE\0QE\0QE\0QE\0QE\0QE\0QE\0QE\0QE\0QE\0QE\0QE\0QE\0QE\0QX>0iQ>~ĶŸԮfV\Z\0/A\0VRjkЇRvHZ+_OG¾-<G<\0SKK9;[]D(;IYII]0*J\n((kZ4:wg+n.\"he+Xt#qkecڥޥr# \"6Y<̡1WI k~(̿1T\Z/m%v\"ő=q%Kt?u,^y=[R0q<h\"]ƒ/\\:\\k|Y.d)W\rzU*-;iLdyoVnig#_4wnx^tj=gqx\\a93|6\0\00a^cV;֝_|ly/J.MV;x\rbg;M>mm8@NbpQj{QEzDQ@Q@Q@Q@Q@Q@Q@Q@Q@Q@Q@Q@Q@Q@Q@Q@Q@Fj~Q/n\n\0}N:O!Z|PkMϊ\'yk*j28Wkɻ|d*23_W,uR\'Kj[o\0\0̢GzjK{޻M,E$=oN}~pw^7+ZjkW&Ve#7TAW.+Zu޾:Υ;\'@W\0?#+o#I`&6$etE\0m:x4|e۪9DQ2U%wFqYWJ8_mHҖ5\"7nGٔW\rxQyI4sjr$nzpxᕇj?C\0?Sw?wiE	1\"PFe\'\0EKѨ~vE{Q_P\0ǟ0\'~#mSj\roE帓.s+0Q#%G\0׍TTSb#<JAws^C%[ITr8;r3dWw\0k\0>$-+sjwQD#G`8ԊM\0m\Z\\*^O7|LdXFCgw\0c:R45Rd8!?cM~&&>2kwZ>>_jkKIt)\Zܱ\'lQҨq\0<1\0Ҵ~\\6&}2c~u\05G~:~&tCLdֲuQHO%}}<T*8.Eźh?\n\0׀~xS~|?hV$\rps!P7}kn?Ru_/\"J\0\0N@|\"W^\'/͵ي88@\08ܽvgV#Mש%.:U젚>9mS8[dP7+F~b.@W/Ͼ<mWEԮJ-nQ\\ $o+`Gb+\\>Q]/iBfȭKS;.\0~^4thWO]+Ȼ.4;#Ku@r^>n `׻׃V¢G\nh;+#@Wn/|׆%\"t\rtrl1/o9oĿ\\|V5kmIm2/\\F0PdGJႵ^cK)bxR\\ϯe~_Xۋ5Myw-cq_Z\0\0\Zy+ЍoikKvvps/t/o?/C6k]\0\ZdZ?>ɷ|͞DǕqҟX_	I-	\'R,?rG6Qu\\^\Z#쪫?/V\Zݞ[\n\0	7Oٿ/!\"v߲9E~WJw?1g\0ΰt0^[-UFNQE|Q@Q@Q@Q@Q@Q@Q@Q@Q@Q@Q@Q@Q@Q@Q@Q@?7\0\Z5?*\0N(?H]6y.k~!zwÏ^\".-`Ӥhddu r ^\0[U_5ixz.76[@HBǱq<QRWҚŦ~~ N?d?RW~<~߳oO~Ҿ>tO!t%孄ʰ# d:svӯ=2(3\0{o n+>(x6k>i%ٞ-sb02̣E~ϧ\Z;=XZ?\0੠ڌC\0Фrw\0c\01_Q#~?NOycަM˸dd~u\0e/j\0\rIici=tFq\0O}>%\\{ǉ7Qvc޿?ࡋ*_|佑\\+޾\0`xm?iK(}J!GLFr\n\'9Y.\"U4eFuvokӿ*n[Gٶ<_o\0k<sC?65\'ʰ9U}GsFJ=ղk%.M9NX +ͣORԋiYǗ(Ճ]v>ڮ+ugǗWE:\r˼dmG|\0\nڷ+\'REPON=\\#(`w6UW+eIȯ_R3(}_2\03Ҟ*.-A6ٟ5Q\0yY~Y>IK\n3]g^3\0\0=<5\0\'\0U73_?3^|o.͜HcP#E%T\0Ic_KcpNimnxy~1\nsI\\6B?`㵔#v~rJ\r$za$#1m݁8|EL5ER>(VkZ?{61Mz q_߲SE\0wmmgSA=@_]9km;^3VXjeDrAF*0E~N\0O3Q,pm+hVZ#}k3\\ٯNKTE\0_?qT6R5Ԛ\'uI>|Kcĺ99haT|W=N<*E|uG+s_MܗQuMCOXC4ܨHV7eG$q_t\0ց1hMs6BQ3^(>U\"=9lx^7}V[z=m[SN+\03οcB?O㟉F0k\\!mFgJH_7\0N_fEx،MLTJ=\ZTaB<G\'$\0e_\0KIOk$	ly;ɳvv>?5W2GƏ%)\0d_V8I=z<剓Q}:y#O	\"\0D~Y\0XtmTYϧx6Q<0iK(*Gb\"9\0_!Jf6?۽֟fƲ		B@)Ǹco1Wwgb\0G%CuqUç|BO[AZ,iDYT\0\0Ǯ \n$s0#>em(=(\0(\0(\0(\0(\0(\0(\0(\0(\0(\0(\0(\0(\0(\0(\0(\0(\0(\0(\0(\0(\0(\0(\0(\0(\0(\0(\0(\0(\0(\0(\0(\0(\0(\0(\0(\0(\0(\0(\0(\0(\0(\0(\0(\0(\0(\0(\0(\0(\0(\0(\0(\0(\0(\0(\0(\0(\0(\0(\0(\0(\0(\0(\0('),(1,'Instituto Costarricense de Electricidad','	jExif\0\0MM\0*\0\0\0\0\0\0\0\0\0\0\0\Z\0\0\0\0\0\0\0b\0\0\0\0\0\0\0j(\0\0\0\0\0\0\01\0\0\0\0\0\0\0r2\0\0\0\0\0\0\0i\0\0\0\0\0\0\0\0\0\0\0\n\0\0\'\0\n\0\0\'Adobe Photoshop CS5 Macintosh\02011:05:09 03:01:13\0\0\0\0\0\0\0\0\0\0\0\0\0\0\0ܠ\0\0\0\0\0\0\0\0\0\0\0\0\0\0\0\0\0\0\0\0\0\Z\0\0\0\0\0\0\0\0\0\0\0\0&(\0\0\0\0\0\0\0\0\0\0\0\0\0.\0\0\0\0\0\04\0\0\0\0\0\0\0H\0\0\0\0\0\0H\0\0\0\0Adobe_CM\0\0Adobe\0d\0\0\0\0\0			\n\r\r\r\0\0_\0\"\0\0\0\n?\0\0\0\0\0\0\0\0\0\0	\n\0\0\0\0\0\0\0\0\0	\n\03\0!1AQa\"q2B#$Rb34rC%Scs5&DTdE£t6UeuF\'Vfv7GWgw\05\0!1AQaq\"2B#R3$brCScs4%&5DTdEU6teuFVfv\'7GWgw\0\0\0?\0TI%)$IJI$RI$I%)$IJI$RI$I%)$IOTI%)$IJI$RPu5h{	\0ScK֎\\\0|бM%=hssOAREJI$RI$I%)$IJI$STI%)$IJI%O?/{t\0Lɒ8g/\"ʜkۑ^{5?Jqs7e\"F^vE{\0=e7w5Xz=vgC]~p\'c#?}E\\}0X8}_z7E~fݶ\Z\Zޜ͞Qfu1_{6rG\\kh6/y[K,$/;/G1Gt\Zޟbe΍y<;W~uzzjenͯ7D﹌=e^-\\wESgelf\0vf>f.˟e\'N@goм\'/{2_G\n>W~;377w7;vK\'3^к%yAYыk{Ǻz=m\0Iؤ	Nd8~c7= fUu{iJ1ηin>k9k^ꖚ9Lg3ٜcˇx_o2L@\nI$I$STI%)$IJ@n-0}S6kB:w[EV_kaez7;k}_AC̓b?\"W[̖zx;Z7:},JQcC]`qxXF4?_\"ӗUSu6XܷWTXU}5첪e\0=ON]X1rw7}5~8EJA&W2uq^=l 6Iv\0Veuu:]v:6ly`nC\\InZnk-*\".܏}rd12@Uۯ__1;t?;[Kps\0Ob\0WIoUfucWaxtjiNSc$	K\0c|X4\0) 1uV}g3t3Qlv+\\n_S#\0]Jo_}Qŷ?^!m6d9sY6f\0G}nx	%5=\0\"\'#d2>߯u{2\Zt:zs:#96h/\'vY?uUkqh2|U+,iBXiP8ʀI[ZI%?TI%)$IJLZA qNJF)sv E&KA:jG?)$0m55cZd\0J&NJRI$I$$I)I$JTI%)$IJI$RI$I%)$IJI$RI$I%)$IOPhotoshop 3.0\08BIM%\0\0\0\0\0\0\0\0\0\0\0\0\0\0\0\0\0\0\0\0\08BIM:\0\0\0\0\0\0\0\0\0\0\0\0\0\0\0\0printOutput\0\0\0\0\0\0\0ClrSenum\0\0\0\0ClrS\0\0\0\0RGBC\0\0\0\0Inteenum\0\0\0\0Inte\0\0\0\0Clrm\0\0\0\0MpBlbool\0\0\0printSixteenBitbool\0\0\0\0printerNameTEXT\0\0\0\0\0\08BIM;\0\0\0\0\0\0\0\0\0\0\0\0\0\0\0printOutputOptions\0\0\0\0\0\0\0Cptnbool\0\0\0\0\0Clbrbool\0\0\0\0\0RgsMbool\0\0\0\0\0CrnCbool\0\0\0\0\0CntCbool\0\0\0\0\0Lblsbool\0\0\0\0\0Ngtvbool\0\0\0\0\0EmlDbool\0\0\0\0\0Intrbool\0\0\0\0\0BckgObjc\0\0\0\0\0\0\0\0\0RGBC\0\0\0\0\0\0\0Rd  doub@o\0\0\0\0\0\0\0\0\0Grn doub@o\0\0\0\0\0\0\0\0\0Bl  doub@o\0\0\0\0\0\0\0\0\0BrdTUntF#Rlt\0\0\0\0\0\0\0\0\0\0\0\0Bld UntF#Rlt\0\0\0\0\0\0\0\0\0\0\0\0RsltUntF#Pxl@R\0\0\0\0\0\0\0\0\0\nvectorDatabool\0\0\0\0PgPsenum\0\0\0\0PgPs\0\0\0\0PgPC\0\0\0\0LeftUntF#Rlt\0\0\0\0\0\0\0\0\0\0\0\0Top UntF#Rlt\0\0\0\0\0\0\0\0\0\0\0\0Scl UntF#Prc@Y\0\0\0\0\0\08BIM\0\0\0\0\0\0H\0\0\0\0\0H\0\0\0\08BIM&\0\0\0\0\0\0\0\0\0\0\0\0\0\0\0?\0\08BIM\r\0\0\0\0\0\0\0\0x8BIM\0\0\0\0\0\0\0\08BIM\0\0\0\0\0	\0\0\0\0\0\0\0\0\08BIM\'\0\0\0\0\0\n\0\0\0\0\0\0\0\08BIM\0\0\0\0\0H\0/ff\0\0lff\0\0\0\0\0\0\0/ff\0\0\0\0\0\0\0\0\02\0\0\0\0Z\0\0\0\0\0\0\0\0\05\0\0\0\0-\0\0\0\0\0\0\0\08BIM\0\0\0\0\0p\0\0\0\0\0\0\0\0\0\0\0\0\0\0\0\08BIM\0\0\0\0\0\0\08BIM\0\0\0\0\0\"\0\0\0\0\0\0\0\0\0\0\0\0\0\0\0\0\0\0\0\0\0\0\0\0\0\0\0\0\0\0\0\0\0\08BIM0\0\0\0\0\0\08BIM-\0\0\0\0\0\0\0\0\08BIM\0\0\0\0\0\0\0\0\0\0@\0\0@\0\0\0\08BIM\0\0\0\0\0\0\0\0\08BIM\Z\0\0\0\0=\0\0\0\0\0\0\0\0\0\0\0\0\0\0\0\0\0\0\0\0\0a\0c\0c\0r\0\0\0\0\0\0\0\0\0\0\0\0\0\0\0\0\0\0\0\0\0\0\0\0\0\0\0\0\0\0\0\0\0\0\0\0\0\0\0\0\0\0\0\0\0\0\0\0\0\0\0\0\0\0\0\0\0\0\0\0\0\0\0\0\0\0\0\0\0\0\0\0\0\0\0\0\0\0\0\0null\0\0\0\0\0\0boundsObjc\0\0\0\0\0\0\0\0\0Rct1\0\0\0\0\0\0\0Top long\0\0\0\0\0\0\0\0Leftlong\0\0\0\0\0\0\0\0Btomlong\0\0\0\0\0\0\0Rghtlong\0\0\0\0\0\0slicesVlLs\0\0\0Objc\0\0\0\0\0\0\0\0slice\0\0\0\0\0\0sliceIDlong\0\0\0\0\0\0\0groupIDlong\0\0\0\0\0\0\0originenum\0\0\0ESliceOrigin\0\0\0\rautoGenerated\0\0\0\0Typeenum\0\0\0\nESliceType\0\0\0\0Img \0\0\0boundsObjc\0\0\0\0\0\0\0\0\0Rct1\0\0\0\0\0\0\0Top long\0\0\0\0\0\0\0\0Leftlong\0\0\0\0\0\0\0\0Btomlong\0\0\0\0\0\0\0Rghtlong\0\0\0\0\0\0urlTEXT\0\0\0\0\0\0\0\0\0nullTEXT\0\0\0\0\0\0\0\0\0MsgeTEXT\0\0\0\0\0\0\0\0altTagTEXT\0\0\0\0\0\0\0\0cellTextIsHTMLbool\0\0\0cellTextTEXT\0\0\0\0\0\0\0\0	horzAlignenum\0\0\0ESliceHorzAlign\0\0\0default\0\0\0	vertAlignenum\0\0\0ESliceVertAlign\0\0\0default\0\0\0bgColorTypeenum\0\0\0ESliceBGColorType\0\0\0\0None\0\0\0	topOutsetlong\0\0\0\0\0\0\0\nleftOutsetlong\0\0\0\0\0\0\0bottomOutsetlong\0\0\0\0\0\0\0rightOutsetlong\0\0\0\0\08BIM(\0\0\0\0\0\0\0\0?\0\0\0\0\0\08BIM\0\0\0\0\0\08BIM\0\0\0\0\0\0\0\08BIM\0\0\0\0P\0\0\0\0\0\0\0\0\0_\0\0\0\0 \0\04\0\0\0Adobe_CM\0\0Adobe\0d\0\0\0\0\0			\n\r\r\r\0\0_\0\"\0\0\0\n?\0\0\0\0\0\0\0\0\0\0	\n\0\0\0\0\0\0\0\0\0	\n\03\0!1AQa\"q2B#$Rb34rC%Scs5&DTdE£t6UeuF\'Vfv7GWgw\05\0!1AQaq\"2B#R3$brCScs4%&5DTdEU6teuFVfv\'7GWgw\0\0\0?\0TI%)$IJI$RI$I%)$IJI$RI$I%)$IOTI%)$IJI$RPu5h{	\0ScK֎\\\0|бM%=hssOAREJI$RI$I%)$IJI$STI%)$IJI%O?/{t\0Lɒ8g/\"ʜkۑ^{5?Jqs7e\"F^vE{\0=e7w5Xz=vgC]~p\'c#?}E\\}0X8}_z7E~fݶ\Z\Zޜ͞Qfu1_{6rG\\kh6/y[K,$/;/G1Gt\Zޟbe΍y<;W~uzzjenͯ7D﹌=e^-\\wESgelf\0vf>f.˟e\'N@goм\'/{2_G\n>W~;377w7;vK\'3^к%yAYыk{Ǻz=m\0Iؤ	Nd8~c7= fUu{iJ1ηin>k9k^ꖚ9Lg3ٜcˇx_o2L@\nI$I$STI%)$IJ@n-0}S6kB:w[EV_kaez7;k}_AC̓b?\"W[̖zx;Z7:},JQcC]`qxXF4?_\"ӗUSu6XܷWTXU}5첪e\0=ON]X1rw7}5~8EJA&W2uq^=l 6Iv\0Veuu:]v:6ly`nC\\InZnk-*\".܏}rd12@Uۯ__1;t?;[Kps\0Ob\0WIoUfucWaxtjiNSc$	K\0c|X4\0) 1uV}g3t3Qlv+\\n_S#\0]Jo_}Qŷ?^!m6d9sY6f\0G}nx	%5=\0\"\'#d2>߯u{2\Zt:zs:#96h/\'vY?uUkqh2|U+,iBXiP8ʀI[ZI%?TI%)$IJLZA qNJF)sv E&KA:jG?)$0m55cZd\0J&NJRI$I$$I)I$JTI%)$IJI$RI$I%)$IJI$RI$I%)$IO8BIM!\0\0\0\0\0U\0\0\0\0\0\0\0A\0d\0o\0b\0e\0 \0P\0h\0o\0t\0o\0s\0h\0o\0p\0\0\0\0A\0d\0o\0b\0e\0 \0P\0h\0o\0t\0o\0s\0h\0o\0p\0 \0C\0S\05\0\0\0\08BIM\0\0\0\0\0\0\0\0\0\0http://ns.adobe.com/xap/1.0/\0<?xpacket begin=\"﻿\" id=\"W5M0MpCehiHzreSzNTczkc9d\"?> <x:xmpmeta xmlns:x=\"adobe:ns:meta/\" x:xmptk=\"Adobe XMP Core 5.0-c060 61.134777, 2010/02/12-17:32:00        \"> <rdf:RDF xmlns:rdf=\"http://www.w3.org/1999/02/22-rdf-syntax-ns#\"> <rdf:Description rdf:about=\"\" xmlns:xmp=\"http://ns.adobe.com/xap/1.0/\" xmlns:photoshop=\"http://ns.adobe.com/photoshop/1.0/\" xmlns:dc=\"http://purl.org/dc/elements/1.1/\" xmlns:xmpMM=\"http://ns.adobe.com/xap/1.0/mm/\" xmlns:stEvt=\"http://ns.adobe.com/xap/1.0/sType/ResourceEvent#\" xmp:CreatorTool=\"Adobe Photoshop CS5 Macintosh\" xmp:CreateDate=\"2011-05-09T02:47:19-06:00\" xmp:MetadataDate=\"2011-05-09T03:01:13-06:00\" xmp:ModifyDate=\"2011-05-09T03:01:13-06:00\" photoshop:ColorMode=\"3\" dc:format=\"image/jpeg\" xmpMM:InstanceID=\"xmp.iid:74BB7E204620681192B0CE4191050CC9\" xmpMM:DocumentID=\"xmp.did:F9B235AE3520681192B0CE4191050CC9\" xmpMM:OriginalDocumentID=\"xmp.did:F9B235AE3520681192B0CE4191050CC9\"> <photoshop:DocumentAncestors> <rdf:Bag> <rdf:li>xmp.did:BD3CB296312068118083F458707DCFE8</rdf:li> </rdf:Bag> </photoshop:DocumentAncestors> <xmpMM:History> <rdf:Seq> <rdf:li stEvt:action=\"created\" stEvt:instanceID=\"xmp.iid:F9B235AE3520681192B0CE4191050CC9\" stEvt:when=\"2011-05-09T02:47:19-06:00\" stEvt:softwareAgent=\"Adobe Photoshop CS5 Macintosh\"/> <rdf:li stEvt:action=\"saved\" stEvt:instanceID=\"xmp.iid:73BB7E204620681192B0CE4191050CC9\" stEvt:when=\"2011-05-09T03:01:13-06:00\" stEvt:softwareAgent=\"Adobe Photoshop CS5 Macintosh\" stEvt:changed=\"/\"/> <rdf:li stEvt:action=\"saved\" stEvt:instanceID=\"xmp.iid:74BB7E204620681192B0CE4191050CC9\" stEvt:when=\"2011-05-09T03:01:13-06:00\" stEvt:softwareAgent=\"Adobe Photoshop CS5 Macintosh\" stEvt:changed=\"/\"/> </rdf:Seq> </xmpMM:History> </rdf:Description> </rdf:RDF> </x:xmpmeta>                                                                                                                                                                                                                                                                                                                                                                                                                                                                                                                                                                                                                                                                                                                                                                                                                                                                                                                                                                                                                                                                                                                                                                                                                                                                                                                                                                                                                                                                                                                                                                                                                                                                                                                                                                                                                                                                                                                                                                                                                                                                                                                                 <?xpacket end=\"w\"?>\0Adobe\0d@\0\0\0\0\0\0\0\0\0\0\0\0\0\0\0\0\0\0\0\0\0\0\0\0	\n\0\0\0\0\0\0\0\0\0\0\0\0	\0\n\0	u!\"\01A2#	QBa$3Rqb%C&4r\n5\'S6DTsEF7Gc(UVW\Zdte)8fu*9:HIJXYZghijvwxyz\0m!1\0\"AQ2aqB#Rb3	$Cr4%ScD&5T6Ed\'\nsFtUeuV7)\Z(GWf8vgwHXhx9IYiy*:JZjz\0\0\0?\0ߺ^׽u~{ߺ^׽u~{ߺ^׽u~{ߺ^׽u~{ߺ^׽u~{ߺ^׽u~{ߺ^׽u~ߺ^׽u~{ߺ^׽u~{ߺ^׽u~{ߺ^׽u~{ߺ^׽u~{ߺ^׽u~{ߺ^׽u~ߺ^׽u~{ߺ^׽u~{ߺ^׽u~{ߺ^׽u~{ߺ^׽u~{ߺ^׽u~{ߺ^׽u~ߺ^׽u~{ߺ^׽u~{ߺ^׽u~{ߺ^׽u~{ߺ^׽u~{ߺ^׽u~{ߺ^׽u~ߺ^׽u~{ߺ^׽u~{ߺ^׽u~{ߺ^׽u~{ߺ^׽u~{ߺ^׽u~{ߺ^׽u~ߺ^׽u~{ߺ^׽u\0}}ҹOk,،:mf;|f`ZMúMOzб,,ȯ\n{O1|ɷ{}Cq#Gigj\\QT\rjʮjwa_ݮkE\"FIR4W%uNrMzYl,N6VM|U|Tn<`ȶ/uyӖlzv]M%kMY>Gxd/H9 *T9l{\0*ѳcG*4n8)^3G-}\rM]ftcWUJQٕcY2׷n۝Oy{q1kdᥖL\n\n}`>oޭ9sv;}8 周1\nǂfj^E=ߚڛƏm&W1m=ϲ217;W5V<l5MEGWO$s,*<R, V1_r^nn}[m{Ssk5w!/C1	E֒tٷzru(0\0hC)C-Tѓ\'cuAHڛjrA`&Xk*5<DYy\n̤=3ٽिM́$=ͼGaY(ʤ{-nI\Z(ăO>vT<j\r=+~H\0[n?nYs\04,_2?Mտ\0|?\'\0Udpேu\0-E,g\r@=ޛsDo̰j\ZDhjUWAZ\Z^\'r[\0\'tE;:S_3RE4B@3H܁[~|4v\0jb!!&Z5\0\ZPa	@}+(+cWiJXg]0^:pb~5\rH7[ᓪ\Z5*\r|MC\0,zUd\n\ZmWX\r[95.Y潷rM57.ˢi.܋i#\0LbPk~׽u~{ߺ^׽u~{ߺ_ߺ^׽u~{ߺ^׽u}{/=#5;;_`G`lJXڨ[xm߶஍rEӊ\'r0{9̜9Wdˍ`p]e*҈r5Qߵo{rdZ\'Y\"Q\\RR^:dNڝOwWg\r-W]9*\Z3p;WC6*jFۛgmQQӬ%,/\0x~vw#6^.[&yB	R#yQ\\H]4>7w+5DvQpƦYgv5$<暙\0&;ۥxlGw]ױ2uF.c4a\'P$2#wbvqX<r@_C ve`B([؟y7bϟ6}E	-1ct:H`hATTQ#9*ͫ%G{rOz{!7~0K,8겮i1&~Oϻ嫽vxV*Kx\0ygPXm,՛/\'.}[pa^ <;kk{h#(tQ%I=Y?y*\0_Ϥڻ\"UmόV-SWBiR==%DqHlFk=2{\'A*m;q|R5\0DqV\'\rMv 6tŒSM~}5WY:mED=4[u\'*X4n7}v?\'yξ{Y^li2mC:GtYj\Z)#]j0H[w)V@CB	\"Jy\rEqN&s\r51vV:Vrd0r}+#S>Nj8\'H$^icK=ۍFC%\0XC,pЂ@&:\n͹a7ͤ?-~;3cO#3Ny-0!TǸ~ons{$W-JK)O\Zc\n}2Q\0ĥ~G(\Z#$)<q\")g#*ķ	g\rcv|id^|9@$\046SnܭNbw>g(66Re)0h25\0?ۧǺ܀=H\0%[*Eu\Zq\nH59w|20iD?>ޔ}w{rzz8djx:YdH#g!i&Y(*3ot?6;Vn-qyg [J\Z(j,a~S%ݐ,1>zxWd¾GUԢ$iWDA;$zcf8P!=qPsvz-gEXk$S Xb\ZW^\nso(uYSR&\"1\\B{]w{{^׺u{{^ߺ^׽u~{ߺ^׽tbu^)Bj!OMy+[ibP%66{܋sQ,:(I4.ЭJM  o9bmm۫fv7\'GK32HR )ڔ+I`<{.]s]˛}.Jʖ,SFc/4TQZ	K?\Zvn\0ݜ:s(dvvZ3y䎞spM_Nјj,(1Nr]riln-G)xX,ʬ\r,\nM\rT_p&5*()槠Lg1\\,v\rLъ̶BCo٧\0i\'(ե-]N6%hqq)G<R*^I\"^GTj\0wQ:x\ZZLN2}M[[a)28z \nt2|5e*ƐBi$*#Fq,ZfQ衮b \nT\0=ol:M(_mV#5Ax)rI\ny\\	\r=E-\\3*ԂM$m\\k+f-g u*OV:	GGE\rפӨO5~] iom_OnlJlcb$l=ݔ\n\\@.Aܡq&[@`x/mfK{X,$n$ȎqͥsüS\"5+FQQ=A#u@9)4iu?$Gds͙&gU9:}ͺwfw#\r9lrd	Faiyh[\rn۸|\\Ius,##տ$P]>ϛ\0o{̨aT\"@f\'?sg}{\0Ap}ty0GpOúu\\+$X$<$\r;ɗs򏶛-f&VRUaZ0C#Hj(Ic͸*n4d\0FS}]v?n=HnnǎOuo*̇\\\\fij8	\058L-|51OOLMcv\\|)-e3RT2bB9r[9cٮr}qZ}\0{v89Y@o \\~wq*\nc\'&ݭ:\Z*Or\0\\&\rWxɕ_AL!:;4ήKP}O3Nfh_? R$ak?_Ǝ~v?Čٍ}ŖYJCqRly(\\H˦7lJA鐱O*{2oAnYjV5ͩ<˥[qJ>I-#Okyo_~Lfc͝Qf1[h	C٫Z!Dk/V\'xm\',r4^ls{޼jZOrh]1>(4uq9,|CV2~DWvYR-\0({\0KF=L>goC\0u~{ߺ^׽u~{ߺ_ߺ^׽u~{ߺ^׽t\\ڻ/e=a<^dT%M+ǒR)\0:nJݯo Gw~Q6ZjBQT4(5Čr%z}ЛkihwvxׯYeǷEm<%BBUK$o*Gʎ{+\0fy4\'ǐD\ZjiޫSP+Cd4tI;]sufϔZԹv~Xh3yE\rqGS\r=m0)NXzngjܮQc=c{CVAUYQ8\"OCq>.ّښγSW3sBC<TCRM\rSONIwCq9:>OÛ6{9qwp5-PHFbYy%r.ǩE?ϤYCql̝}=#d*jM5\nAK%cؔHb5o\Z+07>s{/)s}>,ǕtE:ʬ^!i	Zul]Ց¤چ<Fjڜj*iձSC0WSMMMI(gqain/gFi∑jF`ZS8b-zg?S巯\0WH\0GmIГ8z+7NA[sҲ>po:h\"wf2un\nC(.ǩ\0O\rS^[{mk1{W	\'%YGQY^Qȍ?(&_Aoݫ{Ǥz:ζbvۛm6>tl4>GRPӽdFQ{o;ո[&tzT{qFR0Cԛk2\\[<g~\\Ϭ[ݛsnIΏ#wFR9_L[+U5<4Tt3U+S#޶({\'ȍfz8b\0$*9&`!\0,	?^Y;S|7M\\dfg1?oSWAS.-QVpX;ԣ7}x;s*EvFR0\rj5y\\HR>7k{?u{rk\0i*h\0kë_mv\'YS :|ku͈-u6\" ŗIp7>m[{r׵[Bm{8k#ǐ҄ݤRGּ/7\Zk?e+\n/Տt{Wÿs\'0|cnm3Y-^ޯxi$&zihgjC40ޮIM]o޻Mwf\0q`jb5(},@EcldJ(aY\0\0fc\0*\0cԡG\0&\0t?Q^׽u~{ߺ^׽uߺ^׽u~{ߺ^׽tje	|n;\'6]*$\"*\\~鮨RdAAMF\'{5SHʱZ(2c\0>}NbWݭm^*N3$@ XU5Z\r=.BS+SARL Y5i?Q)}훪.Ar)$NJCS$>*/TZT@@^Zv_qg]om56LuO[̽oM0{`Ik;\n)ZI\\x6n.HgI[@2.VE:J⤕|;52ʹ{nVQ,Ium4^$*edfurN-j;&h>\\c>:%}]M*p+f#AAiڴqc%^w;[m&贐X(MLzyuvMە^o]\0Z7hkm9_AT+-H\"ix(\0vC>߳[[HBđ4%Uj+CLu4G$3Fd4jH>˦m߷[7+fN,QY2.f|5QCNiR[G(Zg?К=\nġFhEhstSK+4ӑ8`U\\`\Zf?Eٞ#vv;;opy<\\N;1pm<]vPCSV1ԕtsrH#SX{_;[\'2rq<Lʴ!h*@!kK6Q5)=VGY;.ꋮ{\Z;Kn׶vK/۟װcÊWvtYėcI]M\ZO,C2E$t=˷^zybHUHR!\rFM	Fʹ5=꣉$P`qZ5Iw?	3[`wEm\0AqWoȱfvddHFldjU#vV=4VрȒ(W$0Ef6?/[VTƟ[`\05?|6NORld3u\\\'qA3*fs`ή巹ks/\\4@\Z&s%+k\Z5=@=jMyWuU?8~d<V#?seU>*۸W=ݭ3ϋG|>טܴg2M(d<7ulBP::΅!	l嶎d<	J\Zy׺i!\0\n?\\UOSv\r;~m#0[)+[]tut	<rK\Zl|u]k[ۛ59<FEn+M9|B*tٴ櫕0y\ZFpXP\Z|kSҾKusmF.GtC*kcmD3GE3=L53g~~yw5XboVTBM\'\0fj5B9wllNYza,\0*oC7*?ʟu\07F=Ji\07{\0Su{{^׺u{ߺ^׽u~{ߺ^׽tIv.~5TT={HRd7	ʌ-TSFdLq4V$2n7ݹ[_YBuT\r(a/}x\0VgD+&`U-dՍT\0@jƵNi7nW>nF蠟kh\0PچcsSQo\"&\"$.X}<Kɾ2d`+P2U>!Sa];r»s{X)-!IcjBtm;nফ,شJn櫩0djtؓSQjJJb}Әm	 T~@Z%kbMm?8M}jg9~]ǩR*	֦\ZMU5YL\Z/ycq`nUV=/@gdmd{B,Jv+pc⮐|Z9Uh)e}FHtO[%2($SχFktW\\_JLD{snrb6^rSL281KMU=d%h@\ZKqys,OY\ZHRT:GŐT\Zڹ9ۙ=o7NfY\\\rn;453:V1$Iԛ;xU;\nۢfU!\'IM΀.oA\0z\Z{\"UM/\'ԟɾs˧cG)#rE%|U1̲%=DuUP\0^GÛyt><϶쿶nߋغI{$VEt0 ET\0[ҙ/w*Y?m{\n┨O5:FAcdGU-I[x>Q)n䋚ekN,(}I\0t\0@~mVBp(j\" [og_ṟ9}pkmlGtfS?7|UU9ew#zZZa\0%ew!-2^}+oodfW@{( c;2Mm$[܊@O\09OCahòO\ZO?%\n@0C.Ekax\0A~޻[+67ᨊ+}.1%H^?sޑs!6zTrQ=EHJ}a_?p}qn߹P=Det1U}d[ Ïz祒?t~+-n%LwK\n+hoveNݰчH?mWQc.;31rS$Eelʨ5j#\0TI\'C>>rߐ&l]Mpwr(GSPKTEX\0,wNG&5$>}߽{{^׺u{ߺ^׽u~{ߺ^׽tϘ`Ebsqc2tyjey(ٜs3IYIw-\rDaeU>݊{r	)RTU<TЊ\r3K\r@QNJ H\"Kʸ/G;cn6w6wT8pQnC8i\"2/P,0\\\\\\sh.u)SU)ZV9T;fwU&о(5V5sLǁŶ:cZfw8ZU8jrx}=tOTnMϷܷVpKq\ZFeE$X孮]lm\ZX9\ZUjrjM|6-D7jMSQM=D{,bcrm$J°c\rA{z(@@\ZN~Y4O>ñ$5;Oa6IZt\'Qv[uɪٛe*诬[O\'MmF.jVrޮ~uy48@$5r.l>ͰYZO E7)a\\ϥ۴_öUgaԘ/hF,ĒO%{.&y$bI4\0ytcgccC}P[f\Z*.%Ė4$}Ү?ޏ^F>ꪢ`Azh 7Gw^UM,/%gb2#\Z\n*NC;Ԙp>\Z,h8@p=YXX-gÂF0@\08\0<mmR9f&^{{^׺u{{^׺u{{^ߺ^׽u~{ߺ^׽u~{ߺ^׽u~{ߺ^׽u~{ߺ^׽u~{ߺ^׽u~{ߺ^׽u~ߺ^׽u~{ߺ^׽u~{ߺ^׽u~{ߺ^׽u~{ߺ^׽u~{ߺ^׽u~{ߺ^׽u~ߺ^׽u~{ߺ^׽u~{ߺ^׽u~{ߺ^׽u~{ߺ^׽u~{ߺ^׽u~{ߺ^׽u~ߺ^׽u~{ߺ^׽u~{ߺ^׽u~{ߺ^׽u~{ߺ^׽u~{ߺ^׽u~{ߺ^׽u~ߺ^׽u~{ߺ^׽u~{ߺ^׽u~{ߺ^׽u~{ߺ^׽u~{ߺ^׽u~{ߺ^׽u~'),(2,'Cable Tica','\0JFIF\0\0\0\0\0\0\0\0	&#0 $\'),,,150*5&+,)	\n\n\Z\Z.$$4*4)0*,,,,20),4*,1,,,,*,),/4-),,,-,),,,*,,,,,),-,,\0\0\0\"\0\0\0\0\0\0\0\0\0\0\0\0\0\0\0\0>\0\0\0\0\0\0!1AQ\"2aqR3Br#bs$4St\0\0\0\0\0\0\0\0\0\0\0\0\0\0*\0\0\0\0\0\0\0\0!1AQ\"2aq\0\0\0?\0B\0!\0B!h\0PpO%zgGsJUʋ/*0*ي GZS]H 2Si9Xf6\rՑ{F9<!.J+-KX t[!Dv_OCoW\0q(H;7nPѪ9 7Y6-5k(XB	B\0!\0c(0#Bl>d6JċO<cv5~?39$]G32׷\'<E\ZKHҊd\0:x6\"̛G}Ux_jk\0ǀ\0䞽|0)OxAucI~V:E\nZOw1R=+\"*W٩A$$-8D.r*^Xvv!CR$X͌J5J;lT\Z[*(vy@)$+ɆmҔw%(\rZW+L:7N[Kx\nY蒣yB*[āhzo\ZO,gCǹUSq`H>\'t37;-Y\0ToyMTe~3N<L~-jo<hƲjUeIA0E(5\Z	5(TOp<ɝMӓ44*RAB,hB^/%!}72enR,~CwpGUE39AϦ=T(9}Z?dj%CiYORХԜ)|*:pO\ZReAxɂ,F\nJ29Vapw0{{du7t\0	εaf\0;8>鵺	gޱkIj7Tz[`5?qm3-\Z3)<_tT|nyT|,eo\'\',׊XKsT([3\0OgLҥYsR/WX* 8	3iu6j`Gx~g;glo~:N\'qUQ\\q/<b[!@{$FGDH7\'(#qL|KT<o\rbH!\nuh~\"X3_zm:A@\0\0\r\0WZnlIQH!\0	FZɇHO*d?xixyuKFP]Ԍ]xqWGqpN)}E龢̦yoFcTڒ&qSN/,l`%@YF;~^J0_\0QR9ՏgZƜiID(}_?C=1[Z$y30>M?7A]o]etʠnګ6>\0kWn\ZBF\\HPlxDpЫW5jUp]:MN<Kc?#??c?#?}ϗʾ+b̙B\0!\0B\0b\0fKSlwn^3)FBy}?Dڝ[^Cg{ΤյMъ)Ma\'tJr6>C;\'oV/^5|3^/8]O+L2gMb}̿fAơyn_m:zF:W*n埢*z;MVcwM>k\0F4hڴ\\A&6I{mc-WNOZjztFijDJذ/1K}V5Ү%:5;)7fW4kޫ筬Xf(B!\0B$v,:A6QbU\ZRm[|&|t҈#JUVMw]_+\\^K\\\"\rq㔱[Ux%<ZRePF݇ʦض\\B8˚U\0ApFK\\Ꮄ$\\&JQQi>G:6PчVPI\0I0NGęrЊU>#/і-K^L\"2R}iX:EFo#n\'FE\\#H6 H#8d$q,\\E$l&9*7`#x3jT\0	\'I\Ziop7Q$a)\nR}M\n4EW9v*RmQkSW%D&*#Q/\"&[b(+WpA(M}T~@	IVЪ2FLԨ@>&vzuëIEIvVksJXM3)E 5z^# Kx.ZwpE:c_\n2GZVAz~۔榳D ,qlzu٫]h(um5\'6..fM2$ciU\Z++Z@EWUw8j9;Ԩְ/Q1$.d@\0?˽U?i;?F%.ҽ^ghB>hClIPllN^RxԞ|~C:q&[[SJ0yR@\\(bMt}(Ӥ)XSE@MZ#$!6UvǰR0\0%u!\0!\0mStL)ڦM5_\'ڸcR4p>לK\\_؍*Ûo3\0OeE\nQ0)}fdd6X k;(a>(r\0\0cۯ 2P|5=MV媰gR|b`dTQn$GJXOE[b*\Zol(uC\r|뒢@UQo3\'Ii}+Q򻅡h%h	hZ, Z\0qz#?2|f?\n{*֩ZXV[̗Om5ZJiiz\0(m.p\Z?M7ʪomÅϼTWp|^~1ׁJɍJe\rB\\w?ga7覣\"0\n)\Z3&Zoaq]f꫔&Q\0KX[slUM1Pn@\'I*xeS4g$*BYvs+Pn.,-vg\\P4htz|it\Z\"0SB(˿vo>weɕrl-aҺׂVr!Ś7ZTM˕E8xsOeFְ͜41qLX$6.hZs8>Y(@,4\0OQx+~H;3r2槗O{1!Ȣ8L:`a\";\rY$B\0!\0B\0!\0B\0!\0B\0!\0B'),(3,'Telefónica Costa Rica','\0JFIF\0\0\0d\0d\0\0\0Ducky\0\0\0\0\0X\0\0\0Adobe\0d\0\0\0\0\0																																																											\0,\0\0\0\0\0\0\0\0\0\0\0\0\0\0\0\0	\n\0\0\0\0\0\0\0\0\0\0\0	\0\n\0\0!1AQa\"	q2B\nR#b3C$r&Ss%45f(H\Z\0\0\0!1AQaq\"2BRr#Tb3VCs$S4t%5UcdFD6\0\0\0?\0eYO}f\Z0Ğpe\n$2\0!G,T$yFCD>|!\0y҉\\8CQP8A$BBI8CB)@FB#!>%P&GH&X.*@ s\'	\"^0!(gUJT e:%TxQ.\'J+s\Z*HL)iGI	(UQQ@IHsTG@BRI)H#0ң媳8--Xj-GJsH\n-ɺj PT\'R31`;SVԮ\rd5T<P):$r8r\08d7R@!0БOBL)Y*JADufj0ur!#*q$gBS*Xū	\rXRK@S\nrx@1BINO\ZI\'(`|hL\"Q$>J	N\"!~cr\nj1	]3PJ2LSD\nrP($ˤJZp9\"*$K$8j2\nR3T!*8Q\r\n B(\n B0(a3D#L@/P% K3)fN1*Z&u5Ha$f<1k3x/:qEn*dZ%s!E0(\0~Ȭ u(gjI5%\"$<gK	a$$)$4%,yBBR\ZRz~(HR&&18B#1HkXuQ	pҪNx@O0!K2 I)>c)t톄	\'@dI#`9xq	r0̊#1\n5D=>5.m&{SU(1GAJJ*e8\0\'wP4RnDA#P*\\@zzNy-X\\\'x\n{Nli=Wuz)K\r-C6Epqçl=ѹ_gvM3˞B;VGrޙX$ou>\rp)镚M4zUuUpmrcdli}2է\"|	=|5dwogw/O}~ܱ4oZZIZVB֔1T\'qφZJd,;h4q\r{&zs1{Vm8Jǋ/r\'#^m}??T\rO)H+BWH:ujh\0\ZF׶{@pMW77vSJ/ZLUnCZV\0ثPp^LN9cٰҷR\\_/\Zan.m!f5nOlV75ܪqDQ.:%N/ʀ\0E鏗jmnn]-\0!(J18E\\eԯ<0K8<v?=h5w~aTPXt\rU\'T^+l24:BY@K_n,tHdmbI&|b8]qys-F\rq<6Unɮ:w\nǘXy;j8Mvnw[[olCWYz۵Zp}U\04T29GV˷:yVBeLR8ߤQየ϶vq[69Z<{O 1+)wOnYThGv;fQkU.tͺ-Y<AIJ,9bu+agtEaauԌ<cZ1-nn!b}Rkh0Hdnm#@${شvݽb5.AMX6\\ޙ(S6EKrBԅ%R\"c	Z:ӭ(-u[^4rY4=iq\r9\\6Eimvs3i%+)p~pvwqD\r,K)@l4%z8%bx(s_4pۛsws5A-44i \ZT{zn{G^Ze:Do, JpH.Or\'lFi}ו֖-Z{=]n_\nl4I	\n%\'>2\0av;oMdX#1k||&J8_8TUݵz\\ws70%q@\0\r\0)?\nla<S$9b+)UXmb1_#%fGqT((VBd<@TcJj@*p\'j&c\nHr3j\0fpPR B>I\0\"3>I1o?a\nHMi2(E.j&X8,T8tBo	NUF\04\0\nDf>P!I ~P!*G/R?Nf%@%QPP$!P!ND&~Ok>\Z]ΤQ^?W_EVէhpQ?SߝolK#H-lJpjZ_Dl 6繯{Z֓(uj-}IQ]jrMJXo`(H\06[GH\Z\\Zfn{XZ1q.sI\\SOr\0\0\nv繽[Gkyt7WQhOQhr9\"\'Z#WQ6Լ֦h{hlL?&~Ww<qֆ_QոbыB{WѝZA;픶3鮏L[MjԡVqTL~{[y>JؚF0]:6j<궃mo@O<W=W{o\nzSp}t0KP[ƁM{4.<\Z*绹t&Rʵ?r<\0Y;ܽG[yҖ$]Mpe2@(WۧZHĈ_d p\nܱlzOu:SF-;+\n9WNn{3!mЩ]@4xnuoc6)79n}KJϤ{Svǣq.1r1>/oӛ\rOiڕ4L6.S2;S40:7\r;+K2F[i@3ZQuVԽtӣնvF~k\ZgI6)5)QuSۋo\r\";RuhocOƀ%XLw~`F\r\'M}`+\rPZn\0gve(]R&muygX5˭J&Y\\@K|(auk5[Guǋ0K\ZfwN:e7nQ?̯o-}))hL\0`C߽P\Zee;YEZƸM\\m=\"$KHǓ{*9}{%n	RmJR$U2IvNF\nOAA~]nZf5؆ڮv=JT֫Nە,ҸFƁB}&b==VkusoDc|#g(k]nL4scsk^!kS9s\nEؽpt!emHqfl	`+µc;\0{u5f-\\5]ٓnn.\nh8)S$bo5ڑ2}bC.5hd!@\Z\0+-dyq$-IjUYsbA\\Km_hZjsW^*BBR:A\nr|/\Z[;$y*EI}(j@v`[Jitk^#\\U\nbvG;QWt{+e5T(!E;-)Lȍ+gu`n[^kZ̲38h4:f5R\0WV֛ٚkbȅ*jJ	#8Zʹ-ʻ~^1\'*[ϧu#u{sluB6|׵㕤u9xzfj.-ixJ>7ߺ^F~[UY§H%FN۵ˣ*KϥzJfp\n&9G:oӭ4K\0PIHAfr\\DF^Ѣ-{pӖO OLx#u^/h;<O-;W[s>i\nZHG([hp%{;{gO}[S?,lxamyPKDZƨ2?4k}n>J߾;jnM7zm@WAp4]ZTR2.foo|nw`״T@hM	e{?UC48W\'ڭ~l.o[}2++()IegTC\r,GbMkR8T	v1Y?W@GĜwl>-ڋU^*R-ՕA Lɖ\n@O!W˙֘@_o:0{MifO31$4P8_+C2P*)q$BdA8Ue(pR\0eD2`RIi@(?P\'H8!o$qJV x\0IN><!/H\09Dx$q!%\'.P&Pe\r	8p	)mG#	P!LBQr*3	\"I4GqY!nl%OtMaFN*[~R%	&G	I17I6泸4NTsLsFmhE^8P 8X[[y\0xpb>\0d\0fyKZWH{l{Bs*:50[Tqֵ\0UfϬL9yFEW]\0:7k5)o[}\r]=m;eU3\nrf)_n	/JSOJtqji,Ԍ&\"_n?4Z6>uAy5c߀Yݽ-~;<TnIkk}z~n:jk\\	VM6ӢlNܚ1Vdla*n&Yى hhC[I<s<\0ҘRg:;+k=HVT*6T\'Y.>C(Fe=N:=\0˾=j\\8Acdm,`Šmy5˘FM*+_jMMk[%6EJe:c~\nUEHZpe#Mkq־y5YeoLi	[#6@;>S,k웶	V^֛CZBݲJV)iP$zm[e<#VH][hу@h\ZvkPnigh?E_4Ǖiƫ6sN=V[뭛IyI73\\)mT zmaQ.$F->M.ɶlׂX弔4+\\H%T\r\r\r[^\\n]^BȲ7ɍ\'Pr&<	U/l܆ww^bމy5]lAUKBԺ	Io6maKFcLuAsi}2V5	Ø \'!{p%Ʀޮ;k}[ƇқmNn5ԉ!sq6ご0$ǧm#k磇tn:aX<අ9C3s\0ܷZeqkB*A9GxwfY{e؋ōfUkۓ+[UBR*kV\0A-C;p\\GO$6썱@@.GQnݱL{^熜*I5}?$\0T^;ej{WS4NҳGJԺ:BFdue\0i;y7Yt]l[˴\0,)@h\023Oڗzy漀]P֌Wǉ*{T߷qr7z7&՗Fm:Z6ա\n5oSg!핦-]ӴN6кYL%5URy%85Ě4ñXƉ>=;L\0w/_}7Z\'nPqKiu+JE\r}df|ttmum-xZ%[0^JCw8>|\"&Vp}{Q$\rAPIwov\rآ}jm⭤R2@/.kqG-\r+W+2[L$tq\Z3wXmPk%˃GnV\\}$4zW؝5bZUT7(mԺ֙RKz䄦>-1%&<nj}g,ML,ó0KVfh6m=f oS+=7\\{Uk\r\0UꛭA:Q/ag?A@8(r5֨iZmD7@1ͧFqkDdqʹoN.<I	?VR=˻ѭ-yW_3mM-@2޾^m%JIQ_e^á\ZZo:*\\	l҃I(^֐տ{׷gNvKHNWe08*kx+S%Z֯qN\r u[}{j-wËh4KjR֔)E	P]E=<~^]j\ZܓEqu+IhpG\05\rͷi5mA\'(\0RМ$Xоwd]\ZAi44]K˨ܧaBԓHz>B=:M+w}3ps!\ZHicfP\Zp7~#I\\M!3Lή4Yۭ9ySyoJ/*zJ޼\\BPga<OW:N ,b::\0	\r\0*|y=zav؁k@k{^@,%%) a~҈9>QZ	QR\rI$.0!$\'$!Y\r	Vb9BLIa>\ZJI#	R\ZS8K	RS7S\"jHT,EWII#.q:,TR\0,BhJJO4	$9BX\n	r\r\n@Hj B(  B\'p!@?%%	@d(Ȉ&R$0 	\'c.(]Ӻzu\rJ)[|մ-\ZD˵U%>*PMGQ\'vX`<LcK}@ ȣ{\Zi&ڻKFv,Qс֤S6	:1hr	nvmw7#/uIۛqbo{\0Z/dݲNލlU_n\n]5kpMmӰkk\'\0:L\0f>|n~1G^1EQ#ZkBΚ\r^\\#޲GY;[۵Lⴶ룂MMi;\nkQ*	o\n9?UK%Jpqi.t⎝˕18;ڝȰ6~;p\rKb*8I\0]nwڪVUqJ;U/eJ\0)٭LT	3q-;Ddzge`\02	$\04Wj*-qwtZ\Zs37XFk*({n|Uh[Ot\n ^+-	GB9AvGG7&-n\\!kL~)](p_ti$(3|)EdFm۫u.Mh՚3XR5NAIjdӍsk:f<ZÒ[2v๤[Y3)5cI Vԝ~OcV%tİ^|.}f7ӖRՇ4>),:<ONS2@qXyd#E[[j奶.%vy\0QGph֌WwZ/㎆GƊ1os\'i6J{{v[mZ@n~u\r%?Leq#1WV֎1u,vG+pK_,;-\'Mim	vgDH3@uhΘlnUo\"Zo&/>^èU+HcǸZFK-.юk|-֎c3qֺA`]gqIO$5{m«/_u4MJtPд\ZBI19GL7at;{;148o+ys80^eVPa\Z=-:%6\\KJR*_>ΚDrkUayML~PB̧\ncagiO2MC|\\cl]Y,Zu֜:nMjU\n]EYO\r\\}_\08n\\]-g7Waȹ\\#ĞEt}oPh22<4Fu9q[1Suܮ5ot^*_KQ.<Qu+TSR\0տj7g8\"cn&c(\0\r-\r0HƊMƫ78&W񗓱#rr_-/QU1ޢe˂4awQwGz@͒p<+QOiiR;c8~{?$_yro;rTRKYl^tk\n9Q9F7q6=Ct4\nk<@W<,޳χMa\0?0w>F,*УrNt)z+uC>YQ?>g7.Ynh/\0r8ѣɏO<WD_9Β\ZuuC=Nھ4{K EKjRT &Im_4-6mBV[qk@pk\Z*\\h	_1]`it4\0bI<<7IwOE}H<uVh]ېUVGPu?@#j6nuނm柡in*Ȼ1{:ݵK\"\rGw$\0yڅ_n[k{kD5Ԥv$ʔ~4ѥEE_ҜfU}a 4\0Ul\rC\r8:jJ9AuG?~{x1obqwg-}v-n,%SI_ʼ[>i:}jFS\',e;\'RZ2٧ᅸ3>-1?PbBRs\"\n B(A$r	:&\0Ä	#!,`H 0 QKJfd0\ne$d0$8%,1\rG2P xÑ%,GJr#)2%2!Us9CBGIr$\"#|܌B44(\nc1	\"QR<~eGJy(hnbG8QG\n%)#Li=ss{+!K})>5*72%4흿ۡlCD\\(FH\0,:U`\\8~fP\0kвޛ|[~lvV|>e\n-̬!$y&97dZ蝟?VG Cp?õl}d0i<?X\0(􂬿g}keZfӥ5%;\\J2zjYjn--IRf$g=cB%efb=wØ89\"\Z/G[[ʶ7;\\hiBJ;͹ז}ջͤtv_ꋨn=jэ*]q5P˄:g)=ۭAlml_X`l&k2=чP\Zj*+/bKK\Z,M@qƘؽݷqwOnWels4V;%2LJC=iR&1gCDkw=S,sf_J1n{Dc`oJi\n?rw܍}wNV],+uz`T<M2RH8N=%jE @5CN 38-&riߩ<f-Ď)$rwC]!wO]jeG.oڪo#צpVӏT(L])]qݳF;ֽvBr<Q3; 4]ӳ5xҵԀ֐P*𹧀ƼFUXMݍ{;]k_ٍA*Z4XH˨Oڧ5:fA]JZ.۪jvch䱷͎{	ϙ\0T+5k[k,g\\088,ު]3\'al	Sw]C@\01dT플2?L&\nl	/\ritVL1D|nVdb>,bhgɍqw;[5UzmUҪK4N)fҧiCN!Iq$]%$H=#Ufۻp_\ZˇI\"\'HC^\ZX@#0pp5M,\r,\rqs\\\Z\\(T*k^t\"w\0mZk^δ]o]in^oե[Ѻq~bq8\n;~o-?~]Ag\Zvco$kַ\0Hc8[nK>滒Ow yUEAǾwKm4r[܆c5׊Z9uj*ӯH=290:]Vӷ37	nvȭʏ}8ln\\v\\ʥ /݅-өеJ	Ci2Wjnrl	m3h׾]ru&RZˑ㨊6kWHspΥX]xFP;8PwVKG~+BV6uXaZXj:\n\n\ni\"sg]6_\0l=k--~ qu=͍9#Ϸ\\A9u8҄{Zj{m\rQQhke=fGQ@yt/$\'kuſ4m;[,SHBFcC33-2*\Zp+V\Z%Ikfhf cC^#z;KN^7gtMnwrfèomTS\rET-ZJAJBzf&8,U۱mr=\'o2GnXˆ	͛)kqVm\"u+N$Rde=r=\ZuvQnN6ŕգUFө sN)O;=GkVKF(Z2xs\rC	cCV\0uM0~F綏nSǙih#\"+Zwn{w핧t`a[EuSiPQWYu.=Anm`#o=*_JL$OCx.y:}o6i#s	W\ngL҇BFiTxA\\V;/fl۷Y5M5TW6ntXM3(-QIQHg^lvA!cHo\"9[汽6ƥdp^P,Tp;kkNwv]gtM[\Z%-ZX|~ĩp2	C6в7]I&xKuYHsX+@HA l}GQ1l1\0w{\rc7q\Z腷Y_o[.j8?A:=El]\n*2QF8\\|J;jOw+ bBG!QBWPb\"4V +(	=YgFJ3YB:JNP ,P%O0!L\"Xe0r\0OMNpNIDpY*F	D 283$\0@$|&z$J$\n8ᤗ%!))JU(\r\n)(@N<yJrd\0x?G(Lp0\"U>Q 庍>{|Fٍ|ܝ׾qڒL͞G)am	JQ1R>ש{yoccΚVOV1IOr\0kBzt\r+q>[|NscKIkxq5Z]Nk۲zXU.pPkJ@m\0!	8G[[liwIVcF8Iq88O=JKݚI\rIvC\0x2G`%\"*RVU髨*Z\\e4N\'I\nI0hc\0x\rA\"6JMF)}ʚUQQR.kYI$bq@\0P\00\0\0`%K\\I&!\"jvKVv57ߝ`F\Z[b[XuInx% `I#}R;k-\n.%M,sնK([xizY潓\0(\Zш\'y\05ݼZ׸ԛP-!&)(,RӥD`82q&>Ҷfmi\".wϑ<{\'h\r~W<\0=UCCIO1@.G#	J&\nJWKI*Qqp@Ħh+]=S8$GRUcmX73Cb*\r G%C	\Z\ZTExKЪm0:gHӷ.ӵ3^Z8F*ֶgHMP0)}:())jZuf!i +&HǴ9EA AScMA	5\Z­ek)מuԵj%JR$a8clq5\r\0\0\0\0\09S{\\MIE) I\\rDxTHa?\"%H\"ibYUei	EfD|eK1K(3p$A\'Ċm$F#KSȒfIC(B	iQ$\'(i\r0D\0I!YҢ27]9J	2$@Nxs\no.êd$SRP\'OƞfGkB\'i>\0zv6rzn5uY+WFQ?ulmBWg|	\0qOUox]kgiuC+?^RHcm1]9}bHhځ[G;ܪH[V<#N\"c?<#GQ,﹇4M؋YH\0v\0rOۧpUnzTvDiӕfepe͍Xs7nZLܪ#@\0lպ\0[\0L?\0sn\'ԝw9Xv*=/:j˫)\0\n)[\n:g\Zx\0mMi\06s\0\rPGhӏ1[	\0\0ulO\0;?]ٿ܎;5Z񳧿?P;?]ٿܪwYR-ݵJL]?\0$N3Cl=\nfr5ٟuSVq\0\0ъ\0ǎ\0xlnĝ73~c;7r=j?ɟ\0$?ߧ?۱Vv>ow:Gg]{ՇL\0!t\rث;p7;܈;<\0|Ճ3\0=tcv(\0aw~cȇЃ\0V?ǾxlnzMߘrvj_n1C	b.N?6?b_,f^\"/wIy5`H%(U8G(A?t&קr\Z\ra^Ǵa6S/,hٜF/jO\0Kv߳w0Wg{fׇ\\?5ç\0CJѵܦʕ_WuԉBn4p/K\\\'Xɯ:Pn:x7{ $\0[c\0틇1\0M/rcU7qjKu{XR3p/2AVkvN0Mmer?p-\r2u:täLcŬ>{X\'\03h6cʐoKMvsU?:9p	L;i\rnhIMGM;y;ܩmf*l0Yerz	lZP4#=M_ܼMj+J\n\ZvЄ*K]U(Jn c8m+;HgO{]nWϜ<A\nOfUUQRK0P%) eCI@L\'8CEP49JTQ֞g*tJ|0Ok!8*JUN-)D\\**=)\00x=XŕPKH\n4IyH\0`!x\"\0 QSp)\" L,\n(z\nt BwpJ)tdۮt-BXqgxچ缲ݲCdAu\0R#*Q+uU\0kJe3]:㄄5UfЬ^5SwCMu4.fCOJ$Qy1\'E}#roiV\r׭Q{0\0z3gvͺSZ(Wȏt+%n?<~\0:5~S=wp=kR<otϖ\0Oq?~U\Z~aw+g7.uX\0i`)ߦ/5;rƽ\0=@7_KqCUs\0.]1~T\0?KʭGߧyL jG9P[d*皝ik8({/\n\0\0e\0-=-zj\'=F=ߏ/;AZ:[߶IjԍN~}?tm\0;=c܎=稍\0)R&Ƕo0Xnaפ*(wC\0s_?7\0q~~:F;t/\0\0\0~|ۣ+{fks^Km\nV%ǥ[edbo۟0KYPutL ^\nGR(w$TL/\0o\0T};I$w!ڦjw~\0V7{=Ɋ3	GQϪ_寥oS\0MY׿|M*={ߩo_r\"`ͺTO\Zj|Z.g{k\0I\n={sڸL[]eݲ\'!?Cji}k%yic\0Gx]_B%\0ýAu:_\nQyM\0~펷俞zwMC}_sIVd3}9crn\0ܢwfSy/ީwqX\\g]:=zd>Nɏ?Q~_}n\\=Eۂoq\Zn	,U\\A0d\0BhTwO޼%rw7WS.Un=\0S;/VyiR3Ccba 8caajWS\nI+;ҼY{dx(t\'QP!\'`guS:Uї\0HSO\nU,3FsBHW\0CjN|(NBzA\0Z%0\0p<rQ!AԠHDI>0$<`BAĘ9sA8FP(r3Sa\\$@		~\"&8(s\"J\n%b\'(j3>%I)S?(DUEUi1108D+(h\0%8$IAsBJE@ĀHEA)YC)U.WSsDXN+wU\\)}J?qA[qEJrb$S(>	5	!DRmJ)JpgT31<)fXjX}ҁ*r/H)Rs\nR<B$<z`R\nILJ\"[iǨ!!OP R2<l\"TpLTz\rsPêIK>0!(<K(̤H		*p\n$Q`AHXA%(-Jd\0\'11<@(9 uKaX)\ZRU?f$^	HQ(	`%9@D%N&ʠNx	DɥGH@\0/}ԡ]lR˒8\"ݲө<zR3bqQ+k\0TT)XOUVTg\"e3@!DRD!#R2B0Br_&a(?,K*rx3T3b3dDrfDO8K6*~Hx(\\$`L:	$J4~0)rJ~0(SP>J]3C \\`!H95u~\'âhAcZV< B`̑0x!:L\00D$Ԟ$J\ZaO<ML,\'	\"9@#,@t@P*PFXD*C$3ܟ\"ƅ$3%*R%U)0SW83)\'NEt#\"T\ZH\n_Bi^8[%؅N.^⌎+%zbo֣\nYT@(\nQ Er$8`BP2L\nRPz8Pe\Z|&FT\'la\n)\Zr.P$\\#<`K2_,e\"2PԐFHL~C>QEI\nMk9(ǌ	4\nB!TH )\\$a\"Iss:35%)gzr0SP	\n5	SJTUJ\'Lc%,EL\'8A(􁊄`*\\qUZ\n8\0XHm40p>GQi<sE\ZQ$xDMJ&yR+,ƢcWoD|\nu5Eu.M6ꭦɐj.-g<Vx\0$`	\n:>8`BZTF)us*\"HH~9\Z2=_{VmmDۋP)~X])&YKthX*|A]^c,Zy\Z	k<0!Ap\\\nk[5!8ùOiinδe4ݫ{Vՠ_T\'zmA<@DN;7D@{O}WTn){>@vnf,	9NƖ2Mc8%v3cKKhozu\0rEGX]{lYltWVY([MK)N=4\"/ԥp=\'d٣ܑ05(\ZO$]?!}}ZzUSC]Jufi̔9x捲F<5\"0 W,H\"rDC$ʲS3\"	\n΢P@\'꒴66P|):b5Op@hLpb2L^yM\ra\0*pD#.XXBIysZdp9\nX3ÉA4e\"\\TU<1T,QD2d0L!z4NL&9ŀ*#(5A+%U^0`T,Eb|8q$U$	Q6G񳄸J*i\nZ[(\0^AI%9U┩jT%Z+\0|p<NvP	TR\nj.\Zd- 7t9.=^&1:[7ܻ̫w*O1{FD\Z	k$Lc.Ya)adeR#5K<dD\nJ%}C\n4EJ%\n r3@\0kݗ7o+_}Rۋangq^dSAn>\"̎tꞽ-ڸdA@)CNq:kl\"27h4VT\'G]v6җ}AL@52SQ%D~Ezm휞]NxW}y<wq#P$GW,[1wzg\\efE5,ג\r,סŪ)HXDm.Vjڮ7lM\04E:\Z6L.)$)\0[\r6&ؓE\'\nh|ɷ?[`~w-S?AW*%;J<CPH	DDfB\\M6VQjfI94Y\0&.H6 \'.0+\ZLqP0ՁN+&ԀBsJMީ\'\rTM 5NOǔ*\'@9R\rI,,0V`e\n:JRh33\"TM7WJNb$\n\"x\0LJUf*(8\0\\4DBNNmFXgIV`sUmqBTʰr\0rUӖ\\б%w$8:āU+ M87bU=CҺ\r+!˭W$ɽuTi[$Nknhۜ^\r p]\'gt}YIɎT+Ժ^vDY\Zh:o!~UvT\0+A$% G\0Ep]uLYSF18vFP_Hh>Ӭ\Z{Hw`٥Z~U3):\nT4>\r7^fo5whqׁ[	ۑ(#c#mkPhtBKm7Ara$j\0g9Tݧ3<^Z\nVG0גd:<E|rr| |.#_{x;J#X^W4WN	&	Mȉ\0HZ]R45ȀGp	\"\'\rvn\rsH\Z|ǎ;*H<㴭yM3\'P)DITÇHD$\0\n	\0g(riD8dl\\kw(ç۵M=MV6VX	Q6΄DSՑS 0te;r%\r2KfbEk8ŜI\'esĚ(-tuvJ0mɜӆi93n#sfhs\"*?෫Xn\\Z~;ETӦH׶+\'`9FҊWGMҵ$TҦ*\ZA%\njXy84vTZw4o;llPdFmLu$b[;\\9k?{6٫tޣz!QEu~sK)dDҵ{wKGdwZGr1Ukii\0h=M91doXS-Ao>խgu$W\0(וˌ*\Z\nb N*S~s3DI5Qߪ\0~0*EY8YTr1j\nVg	X\ZI`B3|Qʝ!М#<j\rG\"[! Bv)R*N\'%=<@L=\'HNLHCR\rBq9BRNL3	hAZQ1EzP*Xa0\'YEA*$JXeʲr@%=lLjR(Z]N@Z39;\"횻~7K	G4z++0R[<Ё%+q1ڇغ-MJ)bsZw ]<V&{g킕R*B\0RK d9Nֵ	,&_}PB*MJ#/x^E=±+*I\"26PV!+K[@bR?\0MZLޭ5MPۨ.6*6#tY\Z6m-p:sZK\\>4{@+Ui\"_cx9\Z įpOmm\Z*ë6jZ\\aGnJJ\\GpJ]@H Lݛ~Q|hI j	OaZEhA{[Gq#-D**9`hk˱XFE8#j633P!(=D@gJ&spJyݎmtUSpY\\+֪E$|?/B͍ߩL:Э<܁ոE#vZe*JD>N~jmFUW֠M8YX:efM%;>J\0$ēA\0^B(kΫ1.+oҾCW\'OQ($OQ2Ks3Z2<0p[UēD\03TnR )5\r\n$@a018ujb9xǒkڵ6헖-TW]_|9c{Ax!+й|=6i}ELQUC% M,c1\r޾Ѥu_i#e`Жpm+|M$A~ˆ$>-CZWEW,akj\',|xB%^*-UrSՎ\\\"*PR\nR^}JJZLqLV)\\\"Tڦ.x%d5hc#B,0C sX<\'aKy	I.1W=%D~1sx/4ϤeP<t8R&cP)4VyUI%)ό\nU3RJԀ%Z2aSavyDT=L̹gUS,JfFDATS}eҺnh\\.o5OALTϨ!	\"#7+Ɨ8T*Sd%\rn$N;~i:OSW\Z\0Xt/~uS=y9sȌ~M6n\'vیtO>C\ZP2pǾosih:,3&p|E?)X=3u{)z\\[\\h/*Iǡ8\"7mIhi_ZmX<kB>#cE{o_Vo&\"֠G(/Nk]oc\0=jnյ[4g=IVsqvoyu:?UCK<ci{y\\hծ[z9M*}N=v#ٛe-^):RXPeGt	FF>S2ปi(ɚ1I~	}kL5-T?GUNjE$A%H8AwBVWŊIiZ\'*fp(3[A;zu	~\0ɆRy(?8Y[}\nZN<=k݈⎊!&	TQ?$=|$%o^+BԗzDM;\n\nxg\ZXC~m--i%D\Z`6P!)GMӭ!ˆ/|\0ƍV}R9!\'5\ruxI;}EnSw5UD\\.tʬG/Q)\0ڧhN^=À5=8zVFܰ޺Ԝ\\Wk[\'ѷ\nop*UgRǗ$\"I\rc;]AY\r5rїuڰJNף,cqp>,fkܣJ#SSJzt5ƆJYwKGҟc\rtޡjM{eeM219wB2Tf!U{XU?\"e%syxVY \\a)D	UQ7&YS\rf& Bh5f#Uh\nAp<`Q!L/L\n\0gR!	c\nAzKlKG8&(y%Q$SaBR̬B;MqN\nxd`U8U	gTeJ\\b`*6s\n	GKTE\0X0$BXVgPXW\0mw3Xnn\\&`\0׸>ΜjF]ee8\0Z6/uZEZʼ8{H]#v	5@$nqCy9Gv}gH],ҴHv̔~c<\'0k(+	\ZO[4UEZ\\tt\0nc. c=\Z7&\098Z_~T\'m򵥨4˔qPIYY}Y\'zn(Gw*pÐ\\zޒq)i>T,20uq\n%)NZlMjKBZӀ\"*GNal`{(CmqT0RDb\'/H6IR8xu4/22Z1w6{f-Rո)\Z\0MGOWPտKHh	x^ˢ?DOi&`+QڴtS\"	8q\' M@Q*a{~nw{ưRJ%m8 |ok1,}!Py`1+\Z);ۂ.͠Zd\Z->jhvr@KlPǷ4\'h\'-bg(Mu[S%i2RF%ܷ:ϗ\rD\0ҽݫ_VqĴwPB=!G)	<cb\0jg3}kDn΃UOElS\01qK\rt,śi;S#as*s4f;«jnCe[\\8-xw~](*4sOU\\t*8:N\'ʠ3 󏝺mzဠ:}ys`9\0`~xm:~ϧuO6[zz[2G/6;y\Z31ǿ6krp<>[?M\Z;M:뭖u.oҜl!g#m0ͳ]BlWPsh憹ᮩi4I&tmZ.Z9MZIWk%]SR8sh;kڕFg<+SUI)09SM+D\\0MbN<\Zڦ\0Us[DĪFs*!	M\0H?VJ(EB§>\ZeNa.0\"Cb>!DH81^Υꌈ#^мJ{bHhM&2(U&IU9N@G8S<xP)sQGC0[T?(r)~T@\'YJ=Dc2ЇvPkmKFީUSjVzJ`&F8d}&f)>DP^H%lq1wȻGHq=1=$NL\"+-yPBZ`|p~V\r\0\Zؠ\nA$/\'#>\'\0լ[p:JRN\r&@r	Ǚo_#[Lo`\Zz*>+X^^\Z~{SCDc\0x%\0LQrh4\ruci9{ʪT27F$|yǣsCh՝$m*޴K%&\0\\p3ak99+q-~WK|eȎR/n`j)fkR	hh%gJ;yn+ORjOaR?ftfc)<\\v8c<pѤ:s+Gx;;ǵֵjTZ\0x$m\nФ\"#tiEF>c-<x+i>_ͨ%T~$NGUqaU5!Jt	n8BR<I.nJis\0\'ԢO\0,j\Z&gSuu0/$Xu\r{c}\0\nWm[yt>帍f]eP*GZ@۴pֵdw;oݪkKTnUlN*Fգyi\09\0rZ>Ҹxh7uZPEJzGF4!kT庐Ǌ=ktTKD\Z9ecWg&_L]{IGyxDJn˝j]αuad͒\'9GghZB;(7dwܛ\"hS{ˡ,\"9kad$$GgP[mem9.\rh+W:mK=r<I4ϐ[MQW\0LW	N_dr}r4MsB.3.} (P!DaǦOʐr}T+yGV]YKC֤˗I~&x-E,R7.	ȫP%\rK8>rbl<fbr+CSE939a\nČD\0\\\0ለ ̌S\'3Ef}bሗxE{n5-,T0R^Z#rk4#0(9U&R\nS9pQ@@\n.\"\n8w8hJ2RR3(PX	%B(hʚ?vCI32fhȉ^jTI~+/Yl<foK7Cَjʔ>342҆<?c;y]92\0?_i]\0f-70:GP[+vT=qvyt\ZR$p|9$=Vh>u>,8q,4\0֎b7vHcJ*%(\nXC\"\\\\koU4ZZi\\Pe.~Vm>u\"ypt;\nWu\'$ә8r_)\\6F8,д\ZO\\JA}-H3\0副jZj	_Ii:C3rs놾	G4\Z&	)gS߬=D<f?6)<@j4,@aVӅ3Ptt9S&t%f[[<di²V=K@@ZtڪOZrg4 G]P4_Y<f 5w̕> ]n|<;-7nf;綵nK\ZeEFQZSޣyV[T#vo^vZ\\b^hP{Z5vV>׵vWmey$\ZD[_Ϫh32ufee>_JW+eo}]5R\0/Pq!CN\ns 0O2ruߦiN&%\rh\\I8\0g$khCV6Ko4\r0N\0GěP[8t\r<09-cb˞$\n;\nZ\0\\O#g@>lC7t6QZGߺu+e5azԵ!\nS>:N]8Qp==k^EOVw[S\nsԺUu}2za]oɘi\r{k4t\\Ϳ!c+%^Y[&jRdA\"\0֌\0\0\0YT b&t%X뛅chiRjYQHꕡ=r]144|xT5Vbr6xK9ouIl|\0|;N\rEpt;PԲz!2ZG|E;ʵC^1dx9}&\\<a\0T/z&Ս=1.LgWK}`jjLL\n5<ID0e+UO*K<!6+)Q$h#%fs\"p!8)B2\\|`JdLYU5M+!18]ry@~F@+%\re0Ä(*L)aqFJ&F8Ĕ*N`BIFyT@ϪBy	eMH\nB:E](I.Y7(r,BTL,c^oܭh˝MVn\"-eBDXJ́unFL~s{\0[ݞ_\\\0p\0F\\iMOzRF쵅\\9>~\'8OkDII\Zq-m.?\\wG~nm!5E5jUҽ*6BQ%\"SÔ}NmJ=6\r\\kLxq]B	#G:,Gx{f]8͞ڵe*ϧRrq ~dG;	\nd0%0Wpw\njVvxl6j=Jw@-.s<D|tCS#EKzi5k{MU\',<=7<GfBZ9t^=LmLۨuiGGZq,{6³I|Y*ԥ^NxfDhMٍ	܋9jK3*PplwxVБ+^:D;[@MDp1Cs%k@=֋\0l%ImZ)RΩ7ӗb\0V\\e!izI\rx%Iѣi:%#%c!\\X\"ɣ>3IDuB@bfrNկմ鶹V_n>_B;RzG3vΎ<$p.*}+/[cc$贮KwO]nCOվB_GG:6آ\Z\0zȚW8Y޾ە{\n+?2&nAm@$#<HFY>j@\0e.+PLː%ׂ(J2.;V\05[.fRGw~5ۛǊL|<s,hu\\w\'vM>(?PJқV\n2B\\~kV5nΪ]R\nq|c_GdQ\0@-!7A2[OphE.xqY*MpK8Jػ9̤V<%J)ȧ$pFBIF\"R0((`AUS>/p!:IXb0F\\Q1䴲,2JeDBBCq$\0O# gMKT,ʀÌ?\n1LY).V6GA\'@d9SzIDI	\'G% f]&||`R]t{Ij%l6\n\'Z#\">Kp/.mb2Vy\\	,ZFNu\nx(\'LE}nlhѶbǹrCSr.8M[vq.#;].j;vĽEZҺ\\i\'~E -sH v5\Zvczf]nU\n~$(WO9#1?<h7ku1;a?BX>pxq[CZl֢sѬ }%RD˒]BGOv`d5c=h\"ۯrാWmyGhen4\0A4h潗VSB\\z2zj\0<XQ%˅(Z}+͚2gj:\'[sB_P_/MdOOԚQޞ^f&b.TPRLqFjTXtzYX  Zh	:z)J=6,\r4̃3@q1s~CN*-+%_Iqh\"Ao8FF&*Ь.\rJ7Q/MPԀ?Bm;2:\"[\\\Zٶ8q.NuCMHONQK5ͬl>c#=n|y\0h]t%\"Y^fpCIQ*&8h]r2@O^qgSTu&JnKBպRg\\~sulN߁mյօjڗV-GB~0>1hϐ\nаBumlJ7ڹ?ߛ®:ydͿo΁|4m˜S5(>\0glkG5N8aJxfઐj$gp@RT15\"!!2\Z9K8aA-)*2!<LQQg:QF@u\"%H+\\sڼS\"DxJR	b%넌mS0f*9j\Zܺ%3&nT$LD\\UbXS<e(bluTJIKOS&sT%bhJ\r	#Sc{YֹMi5EYoK4JԜ_ x/gg[\Z}\Z:%4-Jۯt*gB\\\nh\0NjB\05F>BҢQt>.忈0;}rkݽT77yJZ6>У?gH:H->q-\r2Gr\08O>^O=v]alR\"w$*_SDbDԷzD29¬q2\0rÓA*0|WWݗw()/ub{N6+[հH<1?.7^ṵ]GŒbӈgnJb`{V6QVhWphnQb6mCr(u0}n6vW1/p+@8y{G\"ktt6iei\'y6QwHZڗQJy;Mfa6D($sb7k\\5§DLM%\\4Y͇a{cUt(y(eI8,r9|SmVU\'שu>D;uWubTe_$-^sc~ep4m2ܔ#,2{8W4NJ}[eQP_mf+$+-.<棻wZk5+#\'̯[D6+纵=Sp5wGLIX?\Z?kszF/\"67w=[fݪkN(XzInJ@TUzB\Z0I**nuuʡ)eu8>&f?4r:z\r)%\0t6w9|ͺEWȀBe8zy&}+Zc\\ʓ_VtՎRNtX+4,=-IHXgab\04]#*$PB(R*2D	EH%	\nKBp!-J34(ʣѐT-?xA@8Kr0*b@p1DPI#\0Q%I<JiLON+	enJxPB>\n*3]N^o:TFƱS\rGQ2U^LbTԥ3D{/U)x\'A^e;)|g(I$+xBBQ b`M\'<4-wnNMi׊j\'A6UҠ>JD/n-\Z8hBo\'6RJKO~֬]ϩث*[/2D[iw43o̓7^Wj\\\'p,?|s>T+MUI}}(9)xJ\'k;rZy4Yv,\0\\\\B8:7aojh2E\"fĻ,:>{u)f>=%Пc^&32;Wv`xx{xƷmi\'u.\0\\ܻX3,9Vp(Mfoj9v~5+LtC7>J-lwECEZESIOi4<5\Z{{#oL[ި{)J}wJjW.\0SnQ7b[xr\0j]-[[d->f%Bh:kP:J}ɧUUm:8AОvcUgQ,l[h#iVwbXSplfM2ך8GWٻfIdӌ{;4;tl85UmMιz)*;p5.<+5S\n2+$4\Z؏ߌOB-^M[aI1^EO@!UtNPtlYRjgKKNa\r*j\n]$q\0w\'Um;Ren4?Aׂr]]%^idalvi><JU7uj\nVZfry*m\0g>Y\n߈r\n^ TU	5]8|`BeP%ToH	[EԣP(D@(3D\0	\ZD@)5$U40B/<S?4X\ZOԙό\"Uj8JNy}%^֪UEDk?UY6zTjdgBV8*T*02 FE ̘mzP@&kR.H9?qNi?Y!(|) >C%A8{jʵl*f]/4S:Fg5NA\\?4w,7#zк\rxi${nt25m-0zuCNԶÍ<8${g]I\"&-57|Cm8?).wuƜ^:gV5L;*cm-4kՀpp8׏^]+ⰅW^klk}b]sӘ>`cTmImnXii;¦x4nw_g\\hk4MuR\\iQ\'83>1M%s9wAV[е&\0~8B{[4zL;DCTEVqu2YxG\'B8ȅ݆nb?Gc\\CU)	\" ~WpX	Giy}nrss[kP8[x^+E5zBRhB=kgu\09O+]}\nsR1]+R.]dEs\ZxczDkqrg4*evf\r#mOjx~E[.E\0(%(\0qMžŤHX{øݜ*~i3	Lӣi_^䓂}Qs*h0\\+ZӽOZ#?\"ATwV_)4l~)p>iJ*`ԓ3O(H*$ˈp&\06/z)o&*hJ҅!l)~1[z}IjѰܒ4\0կw\'%jx\Zequ8V|;&JRO\\3!X\0` \ZIiu+*q@Dd#^mY-N0p4<^Gx7q켦<h\\c^s*%B\nAM3Ď$W2U\0\0,y\'o*QDK< J^pJI\0a$T(Aā	?$DmWuI1b\rTܞ*5R|8VCXԃ1%d25HUb;VN\0jkb̙T5=p\Zs8`\"\0C9Lªj&yJITiERQ,Q(dL@BN;,נhťyV?IrCS-y[aڋy\" }|F=AEb-OX/\nzi?TrDG\'V42fIv`9\'>jNZRMi_[HҕԬҕP*XAIoYfhxCֽIۻBG>)b`%2u^W7(W6͵򏾺),nm	Y>4Jvtg\0*Ԍr[N9O\n*l^Vmm.ԩ%\Z;/	psv>l- ~yǛ{9Y3I;=ޥ	ek\\SAM)D~$5M>o;+˰[ZwlJ԰?+WI<#_@^\Zڽ6)jyS#mj\r(OwovR\n\09?:cϺxUn8֒5cֶИ)F\\yU\ZqP\0xc,ův\n\r_ST-4I8,e\nNYҦs	Vtn+Kdm&hoo#ŰXhUrS߉̢5*?zgAS(hA.sY(;t<DT∗Ǔ2_5ֵmkU݀4C	K(*%a`I\"Bs0$\'pU\Z:R8S#KI\\,LȀ\00%%#JHJfR0&\nS23*\"n0[ҕT60\'N)bScdqǀkNb|5yU9HD\nkU1p JLԳ!Ue,TR&pfBpqB\nQ\n&dL)O,9NPBP<DI^Y@+h	Wb[wOQPԣĲHRc㎳lQ~fvf5f-[t{b~{V]7ū榺޴_aC[ Km&&eraC/;F-ÝG:lw:-u	vVm=h586GtVy#Ԍo$.w^|\r=e<|>q%@bsBQY;_6zЃ*J5*)1^ش?Ðh^<u[J	v<,{Kte֫z(RV%J|29akhA{+U{CPGnHXPTm\'ES58g9*B,m{2VRr,d͊Μ<U$qkNK6G9[Vᨫ)Rfk<	w\rӷ^߳,mdg8΃*k[*͚S#?dwg\Z-WSgVA.T4Q@$3Rg,O(\rM	H%:aҙg\0USSIĀe#.<aQ,:A2	H(	\0C\0KI9\"6Y~i4NA6Mw$9B̢*\rUzS\"Jc+\ZD[QD.~\Z򄞣񄌩i\\8ESU\0UK$U,H<Qp)e(\0fQKBg$	$^Bj)nc;8!9wvۏZӟn	qGuM=3ǈ=gݻU[+)R-Bu*T%>GӦhxb;.;zJިu9 N|XuOfl-o6z`X\' NQ[y*	K\nVi}\ZxZn+l\rZA8	?(j\0ywVͬR{W;(5+X,嚇F_R[#H>zh&$$~*Y۟\0\ZC}V3q9ǭeAq\Z=XI4/.x3@\ZV#Xe}7Oo<74m_ 17W$cթ(,q1bbsTTxaSN<L&b	Q&y31I8GI@	@rvd&Azz\n@&.`X^\nXQ\r%!!d	|$48	*e\0QDe\0AH\08uR(-#(DJ8DAd3QS5<b%RQ\'8\"ʐVx	0(1\Zħ< B@\n BMNK˞f\0N,g-W塵n9N[DdW^8:\ZvTH+	H/h%\"~u/9O6z|^]M8O)F(@qJ܄\'\nQe3SA)	TJ2(\nqJTUE8ĚAbJl\Z\\fڤT:Cܽm:\Z4VĨ]WD9\nYpRyBQљCQ(DN&`Q(d	҉ES,bq,kVҪFQh24K1		q`@$E\n\0\nAP&СU=S\n#0yRBnJa)x9*kO<L@`V\\\"Z\"\'3	[DH|B8@?P!)@Q>BY2Nx$`BTR?t\'[	&_(dKyjOZȀL*\\ꪋMj#\Z;Cx!OZOL%S	PU4\0VS*d~(T\0ĚwZ)[2CI*Y<	-M6njJR<>&lѳ#CG c	ZZ\\$00J`E*T	%$NA?(j$I@!8bLL\rN,aDMbI\"m6\0Ǆ\\RDĸCQR	(8XrP|b$,NtB*̨r|ae@qL̡kP\nϔ%*!\n9 R{DVGLk*	qzYSTg(DtTSpp@.PRfTeFBY2a5MD4(TE$\nUAN,2r@\rᑜX.)h/ATprv*\ri|UdVB|\0\rJ_@T<QҩsH*^VxT\Z\Zzʙ4<+l(cY1-Sӈ!%xDI:h\rV( Q(I˖f$4@ID0&4TD-ChXH-$JQhO\"J!HBhF\"J[T̘*(:8Z+}KC			Yz&shEe%đ0V׋WTB̊\"\"Fs*$	Jr\0Bx0\'E(8JAdsȈO,pS&2r[bۏh-Mv\0U&\Z7J[ߡ͆\n[uJا)*T9dq	BMH\0s$ݦmK\0\Zq1W[mܭ7[F[n(j_C5J4a~RBO\\[$r@\'\0AaiW]m&=ֲfőO^ӻ9_܍FΠӖjʷ:WGae6I$G;Sp2l$4qjX10F=⹷HOl햧ԈM״.ݶsڥ4&ENSOUOԴSJQ)YIJ|ףm̍^G7*`!5iŧ{7om-^Eݶ+SRZ:ՑOALASjXZ7JRRO0[͐\ZI<WGD&FڶSOt=oksM5&\Zl-EmLR3T8ա{}\0d*ا%ý\n׽{u\Zv=2Mk=i-Ŋ>4`)eeW2$Gqswula).\"Yo;yHh9T*/\0\'|vnn^2՟U]XM}%c46Ci,{:T}>FF3Z5µ難Z[\r&	 xF\ZW@{9mc~aݦCY;ƓQ5hb}bOE+neiƕGڲ&LTԀh\r8bhSmiwH\n~se-Iyz^[ڤcCh~ATRIB[B[w60PO\'pUm좝.sE(9VKv_7t6Ÿ]Mە-vmjuPB.Uo3KNu!)pdU0Dy:Pl;X4M\0T2$x\ncv</)aWQwjf.au=ݟjkk\ZagE#JCRԨEj8˦{lmed!Ι#\\aA<1ϠaĎiMQzѬ.Vj?SZGSn%	8Ƹ݃Cn{>%덩lED}gkgv6Q^6L_{Ɲm4.5NL6zqc.|<q`? *.6ݫ\"sO.ݱ?t;lԗ;vb;VS֛HQwax#=\\y入6G9r>+-םsejJ8ht5EEZKkT\0aC21kP$\r-5+W\\le>lv݌=]w_Dܿ\r}uh%!0^JZ	KRTA-ḅFXPy}ßb綒)nx\0L\r\'t/PS0nmv~]R]uTL8Д@y!\0A$[ӉK$x{j7v7;WnCYh~f4T]\"^z56RUBU\n<D{[]/呗0\0<\rIGzWtKH%\\{Axx\0ǺQ5\Zg	g		sBڦJYQ\04@xmgDcZ8˗+5$g*T&%	5%8pjqπP38׹E.3 RLG3(i@<\'*tB5\"فjQҁQ%#\nqNR&@FH\0Q!Eƈ	STK	6Xmwu4״Wd:6鋆ДfK[ZZ2RRH9c;Xq]WA-ӡ\r4U\";W+^\Z&nBTn.AO6ADg#+0^Jc蟔F˕a8\\}VKBwPUP߽e\ZU/7D\Zw\'e)tJQi1lQc멪ԯy5~U6c=u\'SGyEJFAD$˘{!t}DwF+G ջ;7i=p7,t4VZVrdN*-)(DKv̞{g\n.&>*wCo,|Jj+JI5\\h[VZF6וG]A[JeT%BxrFZXY#+\0|oq~нswm;ͧ&%OuYܪ\r҇]BT@G aYl#8\0FɦA9׼yԉ{vwΕi.zԶ,[km2ES,&\\-rMNU;1qa\ryS_\'n-5صN֬s\\MNȎ_}OOjІxhY>EoUovdӳznR&ƧWJ,٣?%ܑݔx7Ǿ.O#EOA[3M3xGZY}!#MCx{R\'K_1]x\0$lz}\0ҮW6ln:-hM8Α\\k\ZڮK^MI~-)	@W|ݵţ+.bvb@pƘsmZL|\ri5n/>\Z>Y|Yt&дV]XZ]=#+QqC4\'ZZO|>5֛_.Fh]yݷtrn`lˀ)*a\"`۠IPF zh\\(G\Z?\0;}o|i{\0V\0\0\0ie#bʪIZVu$Lʔd\0&:@KAuKڿKg}ӡ-\Zu۩KuFN)]MF28ःh@BiPExlNV=ҷ#7qz47~:C\\7gkZ۷>UH.TP 0Kn\0a:\']QVн;oJم9qwv׾g0ֺSzCtEzʔ[߶0aݘPkѻU$bxy~};}jк#@շO	o{3QU~+h\n\"`,{6`Z|N}+\04o{G\\k\'/TԬ	iR9|#-	\'q6R8N4QI7u0+qRkjSI1VCEe 5V&j3<%$!)R2S	BFFp*j\r L\nAGV#8::0(\nO¢|s23`MM2FJ:15hP\0(IUG,*AB3A(H3XhO\Zw$DtI50@B2:f&qwZ\nZk&T){W/F\0:\0vWL-\0ux蕏ME[19\0\'_&I\0#V.7+>\0p2F\0\0v腩?/~һ]ͪ[SZ_p.u)}5B)Achz[~X=OZӸNջPglmUλW\\mm*:ʆK`©VIL:w}\0}E4c3[^q.ݝ]a}^*4Ɣʺ`$ X_!\rcxExcZI<\0]::p\0ctdEo[X_9/\"K)YyG%dk4|ya.ǓCSH*s`m1W[Ukm;nVEJT,]\r-udB9NuJ18Si讃[,,.]mQ.ǴwoܛU+CtxvCp)iR1Ri_0ØY5ٶ%K+2>{W<}=wxoWj\"z,66	#\rΉc;`Z+q>V}jIx;Eַ2}m?V9\0|0=+[qww-Mۿs:gf_im9Ei]<_ivN5s Wkzuż`F;M}}=o\'m5=wz\Z{Rˊ\ZKfJg#]Ca,6*0ǐx-GoekKN<Q4΄{mMSM57#ѐ[4\ZJ\'fB&q)ByO#pkOU\Zt8ޢڿx}pk{e_4?\'H:\0F]Qqߝ[@\\{Ei\rwdKwOjKu5OXSѡb@)Zn(i=*@\0\\:3_Ў~ʭSHkF>>ڮTOp&\0~{v;;YnڱqZJ&TcPV[籯;4m0>wv\\+[PҧiZ^w۶h]eiՖ++V^-67knPZKEԀ:@FկŧYIi\r[RHk^ۋ׼N\'\\k]]{/sc!}$\0^\rqgZ^٫YZN?\0?j79>Rl`0+F\0&U)d8SW Kq\"SʘAqYee9x+CBf RH3\"A3\Z`/HDO	%(hHD\"Xxg	{HRp˔\"\"@R!qNM@Q*8B)S<*iA\'\n%(bj$)&YNJ:G<yD	%B\"%3<9@w7SaXyLJhA]{m/h=٣6SPf[S]ki+ٟ-\r7Okx(s?ntg|\0pd5ȯ- `>{{o^YEi-lYki(Blոzt#<\'tuV<3!\'\ZZvx*t\rb;H\\pjstpwrwZۮu}RZVKakO	p$FmFN-hI3[?s_PmeV+}澎hJpj_lK+ vp\0C^kcܤ+{f~={n,ݾݧ-\Zm库O(6j]mj?#N*VEzʷN\'\n7DnvЎuh5Et۸&j_\ZNS*jND\0g/t2~S;0]UO~{+cw7MKOda۫X[vM9nq}jf)K[%K d#h-8IOrZnM}.y9`\0[퟽ջmkinUTCNeOUL(J%*1Nê#y暵H+}Z[	s6{oϻۆmn==}޴Wڮ:Ymfл[UI\r䮒ft;sh+SCZc[==FC)SJ\n\\8.<ҀeS6zAABIᄄu::}6Ͼ^v}\'A\r뎭\\((k`mq\r6.\nI91;Z]>[\n\0yV˭n,⁬ ԑi\0Te44.}ߞv4ޮ)85l+ڟٺmr|5W۝?o\r#MKV(s9QOm]JyuqG^w6SOݑEyE_toy[ߍBE\\\Zz\Z\Z:dhh&)(LJ%EJ=Nᲁ(OyZ}ܗ2jOY_[.ۗ;uKj-e%RTZB%E*I݇T+\\9W#YZV%3Oݷkvg4v{\0t6Y1j\Z\n˴o0b=D:J)(6՗MGI(im({ApYο̮k_GY7ꐷmUko9a.u@%\"/ۡ%X&rUO,^kc\r7x>UMv鷶k݈imUm2jm:ra멪;Bj:JB3(gN$\\i*i97b`X\'ϾFw+\'`R;Yt]ƅ.Eҭ頣3<cֺ}ձ\0x\"\0s5#FX}{{6V;htEUOWRU%䮛SP\0ߥZ<TTrw#\ZZ@ְ\\f-hQfGN+pKZ&8@ Mmu(Hg%\\u&RGI\n BB)@HP\0Дx*Nq$$՝X g8+GHLJ*<axq	BB*H8`9()(JED4I,}R\'$q(NxJP$,x\Z\n	e \'2\"@ज\"Y~&\ZE:\"R NS%\Z%\ZD`T(P턬/4NRdRF0POmX#(eBKPyy_1]z$ӄqbE>BD吋K)md>p\n\0a.P­U9<UM)&.)i&أK8(B2R.9+sjhTN\"J&j BI q0	!NI5202	=$L4s2J(\nй8+1*I#XI\'\"jO?|\n\"]GEO+,`	%sS\04MT($?$%\'\r$oLNXe&Zz@[}|sD8LC0@Np52WPI$-3P!$rNQՇ(H\0>Q2jT~Yu*_lb $<2b˄X8*\nSsUa$uU]sK&S\'b\\2R]R8hM]NULꟇQ@#Y8CV$HRWT<a( AR3\nJǔ$D BN^0!HNXB'),(4,'America Móvil','\0JFIF\0\0H\0H\0\0\0C\0		\n\n\n\n          \0C\r\r\Z\Z                                                 \0\0@\0W\0\0\0\0\0\0\0\0\0\0\0\0\0\0\0\0\0:\0\0	\0\0\0\0\0\0!1AQ\"2Ba#3Sqr$4Dbc\0\0\0\0\0\0\0\0\0\0\0\0\0\0\0-\0\0\0\0\0\0\0\0!1AQ\"2qRaB\0\0\0?\04!*R(=I>\0P~=cu~>x:AՁE\0H\\:Wx88GTt5;ev\Z\n]ku+<)jHtіiSG\\~ѸXOIv	jKz)uN?R^sq;?eMV%ԯyfEV꪿dXC(ۍڂб\'`\rLY,	PBT!V~=넙:,%sg,|޵_Q=g`Ja@Blf %+j6ДacsZJ4vߕ<Rv|)<(5.b\Z·&2~柡чemRq]tlfr%}Y+;TUN#=FU¥B\n,Xq&\rfwj©{ӆT$BhY`r\Z.qF,[ք[9Pz\r\0*b-1L~$d-2FN:;\0|(j{[mQ{^vL!<CQ: e>z6	ڊ؄wWQ{\'qGFҚL^wQ\'6ڢ-HTPoǡΨ~Ĥ5e8Ǳ/ĢeEf]ʾȲ\'EQց`**j*&0Ӝ~|,opij\'Kgnf<ۡkl3]vB.gVBܾ|ܻ$\nn=d&kϟqt씧{R*H}v\Z\0ZUͥkG8nSLOevg-x[M\n攩Gz\"]{a:X*,]>v>1rWN&Ǵ	&:ZM:SlhQ҃]csch~МD$(?l#:)n\ZA}l<(mqEF].61\Z[iE>tiJ>f{6MILd!iN%%e\'ZBu*X2ߕcb]\rJL׺_iG$M@-H;%a1̆,2mw?wٯ*;HsrbOIPbnx߸ü~ź,d9,SDT	4}Kwv\0yr#J{_fwo]2,rx\\GEoZKK׶s[Ίv$˴9!]b-2\ri	޷].ѺTvik}Y]%\"=56Ӏi+L	e\'Lhc`챷p[-W\r@ԩQݍi{ם)dW7TW䋷\0\'i70VA<:q#_ɅSH`.(r+B|ֵ\0*UԬVƅcjb\nLIy>p9.5CC31Z}T\')t~>R[6_gހJBG|R}Of:rK!ҕF:\nP#JI	争ܢ0QCiI>`jm@:kEm8\r.C}|@Xjicߕg~DBT!V^:py4\\֧\\\"lW?-Gҫj -OyfM>P6u/\Zv\"S*HNQ3JKrR4uJi%I!yE\\@*r;Ew9i]>u\"ڝ6=ڏJӀ\0\0\r*y%B8(iIP BAqyˎ*VԸu:\0\n%\'-i|c,^	\\u҉We֢$8/9R~gk]s_	ܑo鍈qO ZS\rӷH67OwWtnF@һ{½|WRc\rR,#(62LYB[iʆ47Ԭ\\J/'),(5,'CW Panamá','PNG\r\n\Z\n\0\0\0\rIHDR\0\0\0\0\0\0\0\0\07\0\0\0gAMA\0\07\0\0\0tEXtSoftware\0Adobe ImageReadyqe<\0\0\0PLTE]ꭺBBB\0k\0\0\0mW\0\0nIDATxْ(ED]bqS5cZڡ\r6o$Fb$Fb$Fb$Fb$Fb$Fb$Fb$Fb$Fb$Fb$Fb$Fb$Fb$Fߐ۫mi+IDH&wMI\0Е\r@8CMK#pI8H2ʡ$qQ\0ANmp9Kw$5/<nI,r&5\r	}<$ЖUg9a;m\0MW<,੡Z+׊ǰ\r\n\"\Z\Z|Z*!A +-Q]h i3׃E*?GR\"ٍ{(W=nBN`TO5I1/JYZ}Wų>ER5ܥ}sטaV$\nT\0{NέK泾xc||`UO4]Yu;Km(ImM23W\"FFs$I,+Y8x|i	;&w\'fv<c\0utob(4z@)I6P/JrXzt\\Kgţ[\'m)B9Lvcԥxs`r`I}<TM:U	- +#qs𢡊`>CPTJ*-:×ˏ⽂woE/>vk+Ln|e\",B!Ji i=7Z\Z;i]?btkIsFBߵB$^xx(%gLzZ?/8sc\\G[3	y7a^?Ih=^<fg){)[Qkɷ~.X\"}./G_ޓA;58m$`EO!m\"w\rxT}s%)<Ip~(_}򜩪RޑeI؅7/a|NF(̿?!u}]o$Fb$Fb$I\'HQnN˱yuqKPrV_g?+n9];+Xʖ΃o503r[<ӧ|췡5Ix~l\Z$V)]=IR<ss!inKvAH2_<0#ɳ2nb<m푖svS־$>^*L$y^=QnjIC-K^Xʉ\Z]v.օH5Ò	h]uMᙤ8R;=g$CY%g..N_@\'䞪g_Qj&i7b#W_)jtdѯP<SAHO	R|ZHiKR@G=^$_>hS,$*)]C4\rxj\'b&Q\\گҧn\r<n\noH(+\'.!,߃m+l,ڋ\rSoĺxE0}3&,_0Wjc>t;X}b$F&fX\'qJ<\n\nAdIb\nGe$S3Cv$GŚQS|Bm$! JJeꝗi:H|JR;LWn$1:\\-jfFf0M?سT\n@&4ah-1kNy~.OW.TݝTس$UuͱZ!u4\'y߻cs7\n\nԞaZ^e^6c5uJ{6B-4#	ҼeFb$Fb$Fb$Fb$Fb$Fb$Fb$Fb$Fb$Fb$Fb$Fb$Fb$Fb$Fb$\r	_؈ol\00dT\0\0\0\0IENDB`'),(6,'Electrónica Del Valle Software.','\0JFIF\0\0`\0`\0\0\0C\0		\n\r\Z\Z $.\' \",#(7),01444\'9=82<.342\0C			\r\r2!!22222222222222222222222222222222222222222222222222\0\0p\0\"\0\0\0\0\0\0\0\0\0\0\0\0	\n\0\0\0\0}\0!1AQa\"q2#BR$3br	\n\Z%&\'()*456789:CDEFGHIJSTUVWXYZcdefghijstuvwxyz\0\0\0\0\0\0\0\0	\n\0\0\0w\0!1AQaq\"2B	#3Rbr\n$4%\Z&\'()*56789:CDEFGHIJSTUVWXYZcdefghijstuvwxyz\0\0\0?\0(\n(\n(\n+>2>6xwPmLHۜ\0\"=ʊ<7?<7GQe28R@8#ӽy?KƶwZ6A ̑@v3(:+->!> s闬U.Tt0sZoz_Я\0pveXc(h+\\<Rt`r# ׊|E|jt;i#p_$=F@@EPEPEPEPEGYm=T\'ɵ`:{zPk\ZMjI%3\0\0iƞkfp!Gy~î|d혿?Z[xWm,F$myę}xoh_5?\0t-OS~\rmMV9CErU+6:\nf_\0WQ|AOh-Q \'>$Uփ{v\\ٷ\n\"=&>;FdUr@>jBxvf--Ռd\\p~Vaku\r>\r\"{\rK%l\0I\0n5\'tu9m`m{dޜPپ]jN>٣ֈIPwcu smR8gy	69יB|3-ck̽DbD)>lo}C	<;;\r=3~+_|[[;FwGͰ{+ߊ0,k$lV=@QE\0QE\0fi&mksz\r̆5q\0x!<{wXɦ%HB&p*t\n$++5=[gLs۟u ]&)7\Z.G;oCFA^^F[OᐸvF|<fL<J$|p\r ׻>JtT&۶94ބVvhEϭT\0{F\0eEvStLPC!]@=*94-*i^YtgffIkB\0kX=pYjPk:P/-b&v63V@\0`t\0|q4]=\nq1̸YN@l=ǓCˍ]Ba#\0\'*NB+ݼT5:!_*y6,[.Ok\ZHP[¿c(sN+BUiEESׄF+M6ѕAʢ` N=z{0opġ#B\"^}\rtLhwP,œxeWWP{N(QE\0R*(TP\0\0R@Ȯ]C)4W/zNBYRq\'NNNE\nM]QU4o#|C!O`AnW@QY檺6=O2EbzH\n SF\r\\k\ZP\nqВǳ)\\WKJ2RW[\0QEq7M>kĳMr<}</<Q)(\'<3\")iQE\0QE\0QE\0QE}oig5\r*	h粘:0%k|G^Uͨª}Y\n 	!y$9y&y|$cɱKle8(>\Z[q{VQ8.[*\0^<1X׌䒇ci45FqPgbF	\'}Lmqta@{!YS^ox3Xw+;5:rdi\0lqW,8\'5u\nES}<9;u-RӜqc1E#߸WSԅz:qy+q\nq׭{y5xP53K`ma$4XW#uQ[[{PPuWM[1H.G\0e\0Cz^\r0Z˪\Zc#qε_z\r{KlBETn\r\'8ɯZFފ##8a> z:RæWMM9d\rQμN\0Zz !װf&doLW3}Y%пvw\'yWƧ^۩Zup<_A3ӝHǭkICDZ<>\'&ڊ~f\'\'h\0G\0ff4>A<R$/#יx}k<Q\Z7yPl7*28<׫Rҕ*J㓻\n(\n(\n*{InH-RK#aQGROaYxC9!-Y%mo0\06J\'5\Zԭ*BBAɯiɥIZ-JA cԀN=Fŋ66dʎ:=k{]NX|βF[`hN階\\Z$f{b@ppnpE__%[x;VJ2dfEǪ\0hY>!ѵ8\'SwJEr}3hˣ&u;_ -ך<mnx\'4(tu	5kECsFאg*?Ox5=_OK4_hm,\\n>~5#{5ڡL1ds#Ӄg:5Ϝ,9ǘ=9\r*ơghqsFA1$*\nq=\ZR\Zt^/w#{PxHYSmԺd\nJR\Znh__[|H>n7NhQ@^5Ӯokzu^m͜DH\'\\k:/j3i]aj2GS(^Y\rƶ\Zͭ͌n۷#\"@xսL=gTGt7ė HqNɍ+<VƳug\Z876/q#⳯5gGM]\"\r6	b\0?x+Xf5\'ӥI iJKsu\0OY_[a\rQGw-ެ	Fơ\0+h\\u_v~6[Cf\ZI	~Hg\0-|hc7EQ$fTa.\0H+h(Լ+\\M\r&Gky\" h|f8lsɭ<ua/S\Z4n]n~Q@Ú֣{i~ n-&ү	e`9q`IjC]+Kxk(lm{6\n%`_ڽ\0|C;tQ\'xCN<A QMme}\r(kc{	C1 \r&\0\0xRաt85X刣By|GWiYj\\4f>R0syzux𵥞6we\Z[|7@2>h?'),(7,'Telefónica Nicaragua','\0JFIF\0\0\0d\0d\0\0\0Ducky\0\0\0\0\0X\0\0\0Adobe\0d\0\0\0\0\0																																																											\0,\0\0\0\0\0\0\0\0\0\0\0\0\0\0\0\0	\n\0\0\0\0\0\0\0\0\0\0\0	\0\n\0\0!1AQa\"	q2B\nR#b3C$r&Ss%45f(H\Z\0\0\0!1AQaq\"2BRr#Tb3VCs$S4t%5UcdFD6\0\0\0?\0eYO}f\Z0Ğpe\n$2\0!G,T$yFCD>|!\0y҉\\8CQP8A$BBI8CB)@FB#!>%P&GH&X.*@ s\'	\"^0!(gUJT e:%TxQ.\'J+s\Z*HL)iGI	(UQQ@IHsTG@BRI)H#0ң媳8--Xj-GJsH\n-ɺj PT\'R31`;SVԮ\rd5T<P):$r8r\08d7R@!0БOBL)Y*JADufj0ur!#*q$gBS*Xū	\rXRK@S\nrx@1BINO\ZI\'(`|hL\"Q$>J	N\"!~cr\nj1	]3PJ2LSD\nrP($ˤJZp9\"*$K$8j2\nR3T!*8Q\r\n B(\n B0(a3D#L@/P% K3)fN1*Z&u5Ha$f<1k3x/:qEn*dZ%s!E0(\0~Ȭ u(gjI5%\"$<gK	a$$)$4%,yBBR\ZRz~(HR&&18B#1HkXuQ	pҪNx@O0!K2 I)>c)t톄	\'@dI#`9xq	r0̊#1\n5D=>5.m&{SU(1GAJJ*e8\0\'wP4RnDA#P*\\@zzNy-X\\\'x\n{Nli=Wuz)K\r-C6Epqçl=ѹ_gvM3˞B;VGrޙX$ou>\rp)镚M4zUuUpmrcdli}2է\"|	=|5dwogw/O}~ܱ4oZZIZVB֔1T\'qφZJd,;h4q\r{&zs1{Vm8Jǋ/r\'#^m}??T\rO)H+BWH:ujh\0\ZF׶{@pMW77vSJ/ZLUnCZV\0ثPp^LN9cٰҷR\\_/\Zan.m!f5nOlV75ܪqDQ.:%N/ʀ\0E鏗jmnn]-\0!(J18E\\eԯ<0K8<v?=h5w~aTPXt\rU\'T^+l24:BY@K_n,tHdmbI&|b8]qys-F\rq<6Unɮ:w\nǘXy;j8Mvnw[[olCWYz۵Zp}U\04T29GV˷:yVBeLR8ߤQየ϶vq[69Z<{O 1+)wOnYThGv;fQkU.tͺ-Y<AIJ,9bu+agtEaauԌ<cZ1-nn!b}Rkh0Hdnm#@${شvݽb5.AMX6\\ޙ(S6EKrBԅ%R\"c	Z:ӭ(-u[^4rY4=iq\r9\\6Eimvs3i%+)p~pvwqD\r,K)@l4%z8%bx(s_4pۛsws5A-44i \ZT{zn{G^Ze:Do, JpH.Or\'lFi}ו֖-Z{=]n_\nl4I	\n%\'>2\0av;oMdX#1k||&J8_8TUݵz\\ws70%q@\0\r\0)?\nla<S$9b+)UXmb1_#%fGqT((VBd<@TcJj@*p\'j&c\nHr3j\0fpPR B>I\0\"3>I1o?a\nHMi2(E.j&X8,T8tBo	NUF\04\0\nDf>P!I ~P!*G/R?Nf%@%QPP$!P!ND&~Ok>\Z]ΤQ^?W_EVէhpQ?SߝolK#H-lJpjZ_Dl 6繯{Z֓(uj-}IQ]jrMJXo`(H\06[GH\Z\\Zfn{XZ1q.sI\\SOr\0\0\nv繽[Gkyt7WQhOQhr9\"\'Z#WQ6Լ֦h{hlL?&~Ww<qֆ_QոbыB{WѝZA;픶3鮏L[MjԡVqTL~{[y>JؚF0]:6j<궃mo@O<W=W{o\nzSp}t0KP[ƁM{4.<\Z*绹t&Rʵ?r<\0Y;ܽG[yҖ$]Mpe2@(WۧZHĈ_d p\nܱlzOu:SF-;+\n9WNn{3!mЩ]@4xnuoc6)79n}KJϤ{Svǣq.1r1>/oӛ\rOiڕ4L6.S2;S40:7\r;+K2F[i@3ZQuVԽtӣնvF~k\ZgI6)5)QuSۋo\r\";RuhocOƀ%XLw~`F\r\'M}`+\rPZn\0gve(]R&muygX5˭J&Y\\@K|(auk5[Guǋ0K\ZfwN:e7nQ?̯o-}))hL\0`C߽P\Zee;YEZƸM\\m=\"$KHǓ{*9}{%n	RmJR$U2IvNF\nOAA~]nZf5؆ڮv=JT֫Nە,ҸFƁB}&b==VkusoDc|#g(k]nL4scsk^!kS9s\nEؽpt!emHqfl	`+µc;\0{u5f-\\5]ٓnn.\nh8)S$bo5ڑ2}bC.5hd!@\Z\0+-dyq$-IjUYsbA\\Km_hZjsW^*BBR:A\nr|/\Z[;$y*EI}(j@v`[Jitk^#\\U\nbvG;QWt{+e5T(!E;-)Lȍ+gu`n[^kZ̲38h4:f5R\0WV֛ٚkbȅ*jJ	#8Zʹ-ʻ~^1\'*[ϧu#u{sluB6|׵㕤u9xzfj.-ixJ>7ߺ^F~[UY§H%FN۵ˣ*KϥzJfp\n&9G:oӭ4K\0PIHAfr\\DF^Ѣ-{pӖO OLx#u^/h;<O-;W[s>i\nZHG([hp%{;{gO}[S?,lxamyPKDZƨ2?4k}n>J߾;jnM7zm@WAp4]ZTR2.foo|nw`״T@hM	e{?UC48W\'ڭ~l.o[}2++()IegTC\r,GbMkR8T	v1Y?W@GĜwl>-ڋU^*R-ՕA Lɖ\n@O!W˙֘@_o:0{MifO31$4P8_+C2P*)q$BdA8Ue(pR\0eD2`RIi@(?P\'H8!o$qJV x\0IN><!/H\09Dx$q!%\'.P&Pe\r	8p	)mG#	P!LBQr*3	\"I4GqY!nl%OtMaFN*[~R%	&G	I17I6泸4NTsLsFmhE^8P 8X[[y\0xpb>\0d\0fyKZWH{l{Bs*:50[Tqֵ\0UfϬL9yFEW]\0:7k5)o[}\r]=m;eU3\nrf)_n	/JSOJtqji,Ԍ&\"_n?4Z6>uAy5c߀Yݽ-~;<TnIkk}z~n:jk\\	VM6ӢlNܚ1Vdla*n&Yى hhC[I<s<\0ҘRg:;+k=HVT*6T\'Y.>C(Fe=N:=\0˾=j\\8Acdm,`Šmy5˘FM*+_jMMk[%6EJe:c~\nUEHZpe#Mkq־y5YeoLi	[#6@;>S,k웶	V^֛CZBݲJV)iP$zm[e<#VH][hу@h\ZvkPnigh?E_4Ǖiƫ6sN=V[뭛IyI73\\)mT zmaQ.$F->M.ɶlׂX弔4+\\H%T\r\r\r[^\\n]^BȲ7ɍ\'Pr&<	U/l܆ww^bމy5]lAUKBԺ	Io6maKFcLuAsi}2V5	Ø \'!{p%Ʀޮ;k}[ƇқmNn5ԉ!sq6ご0$ǧm#k磇tn:aX<අ9C3s\0ܷZeqkB*A9GxwfY{e؋ōfUkۓ+[UBR*kV\0A-C;p\\GO$6썱@@.GQnݱL{^熜*I5}?$\0T^;ej{WS4NҳGJԺ:BFdue\0i;y7Yt]l[˴\0,)@h\023Oڗzy漀]P֌Wǉ*{T߷qr7z7&՗Fm:Z6ա\n5oSg!핦-]ӴN6кYL%5URy%85Ě4ñXƉ>=;L\0w/_}7Z\'nPqKiu+JE\r}df|ttmum-xZ%[0^JCw8>|\"&Vp}{Q$\rAPIwov\rآ}jm⭤R2@/.kqG-\r+W+2[L$tq\Z3wXmPk%˃GnV\\}$4zW؝5bZUT7(mԺ֙RKz䄦>-1%&<nj}g,ML,ó0KVfh6m=f oS+=7\\{Uk\r\0UꛭA:Q/ag?A@8(r5֨iZmD7@1ͧFqkDdqʹoN.<I	?VR=˻ѭ-yW_3mM-@2޾^m%JIQ_e^á\ZZo:*\\	l҃I(^֐տ{׷gNvKHNWe08*kx+S%Z֯qN\r u[}{j-wËh4KjR֔)E	P]E=<~^]j\ZܓEqu+IhpG\05\rͷi5mA\'(\0RМ$Xоwd]\ZAi44]K˨ܧaBԓHz>B=:M+w}3ps!\ZHicfP\Zp7~#I\\M!3Lή4Yۭ9ySyoJ/*zJ޼\\BPga<OW:N ,b::\0	\r\0*|y=zav؁k@k{^@,%%) a~҈9>QZ	QR\rI$.0!$\'$!Y\r	Vb9BLIa>\ZJI#	R\ZS8K	RS7S\"jHT,EWII#.q:,TR\0,BhJJO4	$9BX\n	r\r\n@Hj B(  B\'p!@?%%	@d(Ȉ&R$0 	\'c.(]Ӻzu\rJ)[|մ-\ZD˵U%>*PMGQ\'vX`<LcK}@ ȣ{\Zi&ڻKFv,Qс֤S6	:1hr	nvmw7#/uIۛqbo{\0Z/dݲNލlU_n\n]5kpMmӰkk\'\0:L\0f>|n~1G^1EQ#ZkBΚ\r^\\#޲GY;[۵Lⴶ룂MMi;\nkQ*	o\n9?UK%Jpqi.t⎝˕18;ڝȰ6~;p\rKb*8I\0]nwڪVUqJ;U/eJ\0)٭LT	3q-;Ddzge`\02	$\04Wj*-qwtZ\Zs37XFk*({n|Uh[Ot\n ^+-	GB9AvGG7&-n\\!kL~)](p_ti$(3|)EdFm۫u.Mh՚3XR5NAIjdӍsk:f<ZÒ[2v๤[Y3)5cI Vԝ~OcV%tİ^|.}f7ӖRՇ4>),:<ONS2@qXyd#E[[j奶.%vy\0QGph֌WwZ/㎆GƊ1os\'i6J{{v[mZ@n~u\r%?Leq#1WV֎1u,vG+pK_,;-\'Mim	vgDH3@uhΘlnUo\"Zo&/>^èU+HcǸZFK-.юk|-֎c3qֺA`]gqIO$5{m«/_u4MJtPд\ZBI19GL7at;{;148o+ys80^eVPa\Z=-:%6\\KJR*_>ΚDrkUayML~PB̧\ncagiO2MC|\\cl]Y,Zu֜:nMjU\n]EYO\r\\}_\08n\\]-g7Waȹ\\#ĞEt}oPh22<4Fu9q[1Suܮ5ot^*_KQ.<Qu+TSR\0տj7g8\"cn&c(\0\r-\r0HƊMƫ78&W񗓱#rr_-/QU1ޢe˂4awQwGz@͒p<+QOiiR;c8~{?$_yro;rTRKYl^tk\n9Q9F7q6=Ct4\nk<@W<,޳χMa\0?0w>F,*УrNt)z+uC>YQ?>g7.Ynh/\0r8ѣɏO<WD_9Β\ZuuC=Nھ4{K EKjRT &Im_4-6mBV[qk@pk\Z*\\h	_1]`it4\0bI<<7IwOE}H<uVh]ېUVGPu?@#j6nuނm柡in*Ȼ1{:ݵK\"\rGw$\0yڅ_n[k{kD5Ԥv$ʔ~4ѥEE_ҜfU}a 4\0Ul\rC\r8:jJ9AuG?~{x1obqwg-}v-n,%SI_ʼ[>i:}jFS\',e;\'RZ2٧ᅸ3>-1?PbBRs\"\n B(A$r	:&\0Ä	#!,`H 0 QKJfd0\ne$d0$8%,1\rG2P xÑ%,GJr#)2%2!Us9CBGIr$\"#|܌B44(\nc1	\"QR<~eGJy(hnbG8QG\n%)#Li=ss{+!K})>5*72%4흿ۡlCD\\(FH\0,:U`\\8~fP\0kвޛ|[~lvV|>e\n-̬!$y&97dZ蝟?VG Cp?õl}d0i<?X\0(􂬿g}keZfӥ5%;\\J2zjYjn--IRf$g=cB%efb=wØ89\"\Z/G[[ʶ7;\\hiBJ;͹ז}ջͤtv_ꋨn=jэ*]q5P˄:g)=ۭAlml_X`l&k2=чP\Zj*+/bKK\Z,M@qƘؽݷqwOnWels4V;%2LJC=iR&1gCDkw=S,sf_J1n{Dc`oJi\n?rw܍}wNV],+uz`T<M2RH8N=%jE @5CN 38-&riߩ<f-Ď)$rwC]!wO]jeG.oڪo#צpVӏT(L])]qݳF;ֽvBr<Q3; 4]ӳ5xҵԀ֐P*𹧀ƼFUXMݍ{;]k_ٍA*Z4XH˨Oڧ5:fA]JZ.۪jvch䱷͎{	ϙ\0T+5k[k,g\\088,ު]3\'al	Sw]C@\01dT플2?L&\nl	/\ritVL1D|nVdb>,bhgɍqw;[5UzmUҪK4N)fҧiCN!Iq$]%$H=#Ufۻp_\ZˇI\"\'HC^\ZX@#0pp5M,\r,\rqs\\\Z\\(T*k^t\"w\0mZk^δ]o]in^oե[Ѻq~bq8\n;~o-?~]Ag\Zvco$kַ\0Hc8[nK>滒Ow yUEAǾwKm4r[܆c5׊Z9uj*ӯH=290:]Vӷ37	nvȭʏ}8ln\\v\\ʥ /݅-өеJ	Ci2Wjnrl	m3h׾]ru&RZˑ㨊6kWHspΥX]xFP;8PwVKG~+BV6uXaZXj:\n\n\ni\"sg]6_\0l=k--~ qu=͍9#Ϸ\\A9u8҄{Zj{m\rQQhke=fGQ@yt/$\'kuſ4m;[,SHBFcC33-2*\Zp+V\Z%Ikfhf cC^#z;KN^7gtMnwrfèomTS\rET-ZJAJBzf&8,U۱mr=\'o2GnXˆ	͛)kqVm\"u+N$Rde=r=\ZuvQnN6ŕգUFө sN)O;=GkVKF(Z2xs\rC	cCV\0uM0~F綏nSǙih#\"+Zwn{w핧t`a[EuSiPQWYu.=Anm`#o=*_JL$OCx.y:}o6i#s	W\ngL҇BFiTxA\\V;/fl۷Y5M5TW6ntXM3(-QIQHg^lvA!cHo\"9[汽6ƥdp^P,Tp;kkNwv]gtM[\Z%-ZX|~ĩp2	C6в7]I&xKuYHsX+@HA l}GQ1l1\0w{\rc7q\Z腷Y_o[.j8?A:=El]\n*2QF8\\|J;jOw+ bBG!QBWPb\"4V +(	=YgFJ3YB:JNP ,P%O0!L\"Xe0r\0OMNpNIDpY*F	D 283$\0@$|&z$J$\n8ᤗ%!))JU(\r\n)(@N<yJrd\0x?G(Lp0\"U>Q 庍>{|Fٍ|ܝ׾qڒL͞G)am	JQ1R>ש{yoccΚVOV1IOr\0kBzt\r+q>[|NscKIkxq5Z]Nk۲zXU.pPkJ@m\0!	8G[[liwIVcF8Iq88O=JKݚI\rIvC\0x2G`%\"*RVU髨*Z\\e4N\'I\nI0hc\0x\rA\"6JMF)}ʚUQQR.kYI$bq@\0P\00\0\0`%K\\I&!\"jvKVv57ߝ`F\Z[b[XuInx% `I#}R;k-\n.%M,sնK([xizY潓\0(\Zш\'y\05ݼZ׸ԛP-!&)(,RӥD`82q&>Ҷfmi\".wϑ<{\'h\r~W<\0=UCCIO1@.G#	J&\nJWKI*Qqp@Ħh+]=S8$GRUcmX73Cb*\r G%C	\Z\ZTExKЪm0:gHӷ.ӵ3^Z8F*ֶgHMP0)}:())jZuf!i +&HǴ9EA AScMA	5\Z­ek)מuԵj%JR$a8clq5\r\0\0\0\0\09S{\\MIE) I\\rDxTHa?\"%H\"ibYUei	EfD|eK1K(3p$A\'Ċm$F#KSȒfIC(B	iQ$\'(i\r0D\0I!YҢ27]9J	2$@Nxs\no.êd$SRP\'OƞfGkB\'i>\0zv6rzn5uY+WFQ?ulmBWg|	\0qOUox]kgiuC+?^RHcm1]9}bHhځ[G;ܪH[V<#N\"c?<#GQ,﹇4M؋YH\0v\0rOۧpUnzTvDiӕfepe͍Xs7nZLܪ#@\0lպ\0[\0L?\0sn\'ԝw9Xv*=/:j˫)\0\n)[\n:g\Zx\0mMi\06s\0\rPGhӏ1[	\0\0ulO\0;?]ٿ܎;5Z񳧿?P;?]ٿܪwYR-ݵJL]?\0$N3Cl=\nfr5ٟuSVq\0\0ъ\0ǎ\0xlnĝ73~c;7r=j?ɟ\0$?ߧ?۱Vv>ow:Gg]{ՇL\0!t\rث;p7;܈;<\0|Ճ3\0=tcv(\0aw~cȇЃ\0V?ǾxlnzMߘrvj_n1C	b.N?6?b_,f^\"/wIy5`H%(U8G(A?t&קr\Z\ra^Ǵa6S/,hٜF/jO\0Kv߳w0Wg{fׇ\\?5ç\0CJѵܦʕ_WuԉBn4p/K\\\'Xɯ:Pn:x7{ $\0[c\0틇1\0M/rcU7qjKu{XR3p/2AVkvN0Mmer?p-\r2u:täLcŬ>{X\'\03h6cʐoKMvsU?:9p	L;i\rnhIMGM;y;ܩmf*l0Yerz	lZP4#=M_ܼMj+J\n\ZvЄ*K]U(Jn c8m+;HgO{]nWϜ<A\nOfUUQRK0P%) eCI@L\'8CEP49JTQ֞g*tJ|0Ok!8*JUN-)D\\**=)\00x=XŕPKH\n4IyH\0`!x\"\0 QSp)\" L,\n(z\nt BwpJ)tdۮt-BXqgxچ缲ݲCdAu\0R#*Q+uU\0kJe3]:㄄5UfЬ^5SwCMu4.fCOJ$Qy1\'E}#roiV\r׭Q{0\0z3gvͺSZ(Wȏt+%n?<~\0:5~S=wp=kR<otϖ\0Oq?~U\Z~aw+g7.uX\0i`)ߦ/5;rƽ\0=@7_KqCUs\0.]1~T\0?KʭGߧyL jG9P[d*皝ik8({/\n\0\0e\0-=-zj\'=F=ߏ/;AZ:[߶IjԍN~}?tm\0;=c܎=稍\0)R&Ƕo0Xnaפ*(wC\0s_?7\0q~~:F;t/\0\0\0~|ۣ+{fks^Km\nV%ǥ[edbo۟0KYPutL ^\nGR(w$TL/\0o\0T};I$w!ڦjw~\0V7{=Ɋ3	GQϪ_寥oS\0MY׿|M*={ߩo_r\"`ͺTO\Zj|Z.g{k\0I\n={sڸL[]eݲ\'!?Cji}k%yic\0Gx]_B%\0ýAu:_\nQyM\0~펷俞zwMC}_sIVd3}9crn\0ܢwfSy/ީwqX\\g]:=zd>Nɏ?Q~_}n\\=Eۂoq\Zn	,U\\A0d\0BhTwO޼%rw7WS.Un=\0S;/VyiR3Ccba 8caajWS\nI+;ҼY{dx(t\'QP!\'`guS:Uї\0HSO\nU,3FsBHW\0CjN|(NBzA\0Z%0\0p<rQ!AԠHDI>0$<`BAĘ9sA8FP(r3Sa\\$@		~\"&8(s\"J\n%b\'(j3>%I)S?(DUEUi1108D+(h\0%8$IAsBJE@ĀHEA)YC)U.WSsDXN+wU\\)}J?qA[qEJrb$S(>	5	!DRmJ)JpgT31<)fXjX}ҁ*r/H)Rs\nR<B$<z`R\nILJ\"[iǨ!!OP R2<l\"TpLTz\rsPêIK>0!(<K(̤H		*p\n$Q`AHXA%(-Jd\0\'11<@(9 uKaX)\ZRU?f$^	HQ(	`%9@D%N&ʠNx	DɥGH@\0/}ԡ]lR˒8\"ݲө<zR3bqQ+k\0TT)XOUVTg\"e3@!DRD!#R2B0Br_&a(?,K*rx3T3b3dDrfDO8K6*~Hx(\\$`L:	$J4~0)rJ~0(SP>J]3C \\`!H95u~\'âhAcZV< B`̑0x!:L\00D$Ԟ$J\ZaO<ML,\'	\"9@#,@t@P*PFXD*C$3ܟ\"ƅ$3%*R%U)0SW83)\'NEt#\"T\ZH\n_Bi^8[%؅N.^⌎+%zbo֣\nYT@(\nQ Er$8`BP2L\nRPz8Pe\Z|&FT\'la\n)\Zr.P$\\#<`K2_,e\"2PԐFHL~C>QEI\nMk9(ǌ	4\nB!TH )\\$a\"Iss:35%)gzr0SP	\n5	SJTUJ\'Lc%,EL\'8A(􁊄`*\\qUZ\n8\0XHm40p>GQi<sE\ZQ$xDMJ&yR+,ƢcWoD|\nu5Eu.M6ꭦɐj.-g<Vx\0$`	\n:>8`BZTF)us*\"HH~9\Z2=_{VmmDۋP)~X])&YKthX*|A]^c,Zy\Z	k<0!Ap\\\nk[5!8ùOiinδe4ݫ{Vՠ_T\'zmA<@DN;7D@{O}WTn){>@vnf,	9NƖ2Mc8%v3cKKhozu\0rEGX]{lYltWVY([MK)N=4\"/ԥp=\'d٣ܑ05(\ZO$]?!}}ZzUSC]Jufi̔9x捲F<5\"0 W,H\"rDC$ʲS3\"	\n΢P@\'꒴66P|):b5Op@hLpb2L^yM\ra\0*pD#.XXBIysZdp9\nX3ÉA4e\"\\TU<1T,QD2d0L!z4NL&9ŀ*#(5A+%U^0`T,Eb|8q$U$	Q6G񳄸J*i\nZ[(\0^AI%9U┩jT%Z+\0|p<NvP	TR\nj.\Zd- 7t9.=^&1:[7ܻ̫w*O1{FD\Z	k$Lc.Ya)adeR#5K<dD\nJ%}C\n4EJ%\n r3@\0kݗ7o+_}Rۋangq^dSAn>\"̎tꞽ-ڸdA@)CNq:kl\"27h4VT\'G]v6җ}AL@52SQ%D~Ezm휞]NxW}y<wq#P$GW,[1wzg\\efE5,ג\r,סŪ)HXDm.Vjڮ7lM\04E:\Z6L.)$)\0[\r6&ؓE\'\nh|ɷ?[`~w-S?AW*%;J<CPH	DDfB\\M6VQjfI94Y\0&.H6 \'.0+\ZLqP0ՁN+&ԀBsJMީ\'\rTM 5NOǔ*\'@9R\rI,,0V`e\n:JRh33\"TM7WJNb$\n\"x\0LJUf*(8\0\\4DBNNmFXgIV`sUmqBTʰr\0rUӖ\\б%w$8:āU+ M87bU=CҺ\r+!˭W$ɽuTi[$Nknhۜ^\r p]\'gt}YIɎT+Ժ^vDY\Zh:o!~UvT\0+A$% G\0Ep]uLYSF18vFP_Hh>Ӭ\Z{Hw`٥Z~U3):\nT4>\r7^fo5whqׁ[	ۑ(#c#mkPhtBKm7Ara$j\0g9Tݧ3<^Z\nVG0גd:<E|rr| |.#_{x;J#X^W4WN	&	Mȉ\0HZ]R45ȀGp	\"\'\rvn\rsH\Z|ǎ;*H<㴭yM3\'P)DITÇHD$\0\n	\0g(riD8dl\\kw(ç۵M=MV6VX	Q6΄DSՑS 0te;r%\r2KfbEk8ŜI\'esĚ(-tuvJ0mɜӆi93n#sfhs\"*?෫Xn\\Z~;ETӦH׶+\'`9FҊWGMҵ$TҦ*\ZA%\njXy84vTZw4o;llPdFmLu$b[;\\9k?{6٫tޣz!QEu~sK)dDҵ{wKGdwZGr1Ukii\0h=M91doXS-Ao>խgu$W\0(וˌ*\Z\nb N*S~s3DI5Qߪ\0~0*EY8YTr1j\nVg	X\ZI`B3|Qʝ!М#<j\rG\"[! Bv)R*N\'%=<@L=\'HNLHCR\rBq9BRNL3	hAZQ1EzP*Xa0\'YEA*$JXeʲr@%=lLjR(Z]N@Z39;\"횻~7K	G4z++0R[<Ё%+q1ڇغ-MJ)bsZw ]<V&{g킕R*B\0RK d9Nֵ	,&_}PB*MJ#/x^E=±+*I\"26PV!+K[@bR?\0MZLޭ5MPۨ.6*6#tY\Z6m-p:sZK\\>4{@+Ui\"_cx9\Z įpOmm\Z*ë6jZ\\aGnJJ\\GpJ]@H Lݛ~Q|hI j	OaZEhA{[Gq#-D**9`hk˱XFE8#j633P!(=D@gJ&spJyݎmtUSpY\\+֪E$|?/B͍ߩL:Э<܁ոE#vZe*JD>N~jmFUW֠M8YX:efM%;>J\0$ēA\0^B(kΫ1.+oҾCW\'OQ($OQ2Ks3Z2<0p[UēD\03TnR )5\r\n$@a018ujb9xǒkڵ6헖-TW]_|9c{Ax!+й|=6i}ELQUC% M,c1\r޾Ѥu_i#e`Жpm+|M$A~ˆ$>-CZWEW,akj\',|xB%^*-UrSՎ\\\"*PR\nR^}JJZLqLV)\\\"Tڦ.x%d5hc#B,0C sX<\'aKy	I.1W=%D~1sx/4ϤeP<t8R&cP)4VyUI%)ό\nU3RJԀ%Z2aSavyDT=L̹gUS,JfFDATS}eҺnh\\.o5OALTϨ!	\"#7+Ɨ8T*Sd%\rn$N;~i:OSW\Z\0Xt/~uS=y9sȌ~M6n\'vیtO>C\ZP2pǾosih:,3&p|E?)X=3u{)z\\[\\h/*Iǡ8\"7mIhi_ZmX<kB>#cE{o_Vo&\"֠G(/Nk]oc\0=jnյ[4g=IVsqvoyu:?UCK<ci{y\\hծ[z9M*}N=v#ٛe-^):RXPeGt	FF>S2ปi(ɚ1I~	}kL5-T?GUNjE$A%H8AwBVWŊIiZ\'*fp(3[A;zu	~\0ɆRy(?8Y[}\nZN<=k݈⎊!&	TQ?$=|$%o^+BԗzDM;\n\nxg\ZXC~m--i%D\Z`6P!)GMӭ!ˆ/|\0ƍV}R9!\'5\ruxI;}EnSw5UD\\.tʬG/Q)\0ڧhN^=À5=8zVFܰ޺Ԝ\\Wk[\'ѷ\nop*UgRǗ$\"I\rc;]AY\r5rїuڰJNף,cqp>,fkܣJ#SSJzt5ƆJYwKGҟc\rtޡjM{eeM219wB2Tf!U{XU?\"e%syxVY \\a)D	UQ7&YS\rf& Bh5f#Uh\nAp<`Q!L/L\n\0gR!	c\nAzKlKG8&(y%Q$SaBR̬B;MqN\nxd`U8U	gTeJ\\b`*6s\n	GKTE\0X0$BXVgPXW\0mw3Xnn\\&`\0׸>ΜjF]ee8\0Z6/uZEZʼ8{H]#v	5@$nqCy9Gv}gH],ҴHv̔~c<\'0k(+	\ZO[4UEZ\\tt\0nc. c=\Z7&\098Z_~T\'m򵥨4˔qPIYY}Y\'zn(Gw*pÐ\\zޒq)i>T,20uq\n%)NZlMjKBZӀ\"*GNal`{(CmqT0RDb\'/H6IR8xu4/22Z1w6{f-Rո)\Z\0MGOWPտKHh	x^ˢ?DOi&`+QڴtS\"	8q\' M@Q*a{~nw{ưRJ%m8 |ok1,}!Py`1+\Z);ۂ.͠Zd\Z->jhvr@KlPǷ4\'h\'-bg(Mu[S%i2RF%ܷ:ϗ\rD\0ҽݫ_VqĴwPB=!G)	<cb\0jg3}kDn΃UOElS\01qK\rt,śi;S#as*s4f;«jnCe[\\8-xw~](*4sOU\\t*8:N\'ʠ3 󏝺mzဠ:}ys`9\0`~xm:~ϧuO6[zz[2G/6;y\Z31ǿ6krp<>[?M\Z;M:뭖u.oҜl!g#m0ͳ]BlWPsh憹ᮩi4I&tmZ.Z9MZIWk%]SR8sh;kڕFg<+SUI)09SM+D\\0MbN<\Zڦ\0Us[DĪFs*!	M\0H?VJ(EB§>\ZeNa.0\"Cb>!DH81^Υꌈ#^мJ{bHhM&2(U&IU9N@G8S<xP)sQGC0[T?(r)~T@\'YJ=Dc2ЇvPkmKFީUSjVzJ`&F8d}&f)>DP^H%lq1wȻGHq=1=$NL\"+-yPBZ`|p~V\r\0\Zؠ\nA$/\'#>\'\0լ[p:JRN\r&@r	Ǚo_#[Lo`\Zz*>+X^^\Z~{SCDc\0x%\0LQrh4\ruci9{ʪT27F$|yǣsCh՝$m*޴K%&\0\\p3ak99+q-~WK|eȎR/n`j)fkR	hh%gJ;yn+ORjOaR?ftfc)<\\v8c<pѤ:s+Gx;;ǵֵjTZ\0x$m\nФ\"#tiEF>c-<x+i>_ͨ%T~$NGUqaU5!Jt	n8BR<I.nJis\0\'ԢO\0,j\Z&gSuu0/$Xu\r{c}\0\nWm[yt>帍f]eP*GZ@۴pֵdw;oݪkKTnUlN*Fգyi\09\0rZ>Ҹxh7uZPEJzGF4!kT庐Ǌ=ktTKD\Z9ecWg&_L]{IGyxDJn˝j]αuad͒\'9GghZB;(7dwܛ\"hS{ˡ,\"9kad$$GgP[mem9.\rh+W:mK=r<I4ϐ[MQW\0LW	N_dr}r4MsB.3.} (P!DaǦOʐr}T+yGV]YKC֤˗I~&x-E,R7.	ȫP%\rK8>rbl<fbr+CSE939a\nČD\0\\\0ለ ̌S\'3Ef}bሗxE{n5-,T0R^Z#rk4#0(9U&R\nS9pQ@@\n.\"\n8w8hJ2RR3(PX	%B(hʚ?vCI32fhȉ^jTI~+/Yl<foK7Cَjʔ>342҆<?c;y]92\0?_i]\0f-70:GP[+vT=qvyt\ZR$p|9$=Vh>u>,8q,4\0֎b7vHcJ*%(\nXC\"\\\\koU4ZZi\\Pe.~Vm>u\"ypt;\nWu\'$ә8r_)\\6F8,д\ZO\\JA}-H3\0副jZj	_Ii:C3rs놾	G4\Z&	)gS߬=D<f?6)<@j4,@aVӅ3Ptt9S&t%f[[<di²V=K@@ZtڪOZrg4 G]P4_Y<f 5w̕> ]n|<;-7nf;綵nK\ZeEFQZSޣyV[T#vo^vZ\\b^hP{Z5vV>׵vWmey$\ZD[_Ϫh32ufee>_JW+eo}]5R\0/Pq!CN\ns 0O2ruߦiN&%\rh\\I8\0g$khCV6Ko4\r0N\0GěP[8t\r<09-cb˞$\n;\nZ\0\\O#g@>lC7t6QZGߺu+e5azԵ!\nS>:N]8Qp==k^EOVw[S\nsԺUu}2za]oɘi\r{k4t\\Ϳ!c+%^Y[&jRdA\"\0֌\0\0\0YT b&t%X뛅chiRjYQHꕡ=r]144|xT5Vbr6xK9ouIl|\0|;N\rEpt;PԲz!2ZG|E;ʵC^1dx9}&\\<a\0T/z&Ս=1.LgWK}`jjLL\n5<ID0e+UO*K<!6+)Q$h#%fs\"p!8)B2\\|`JdLYU5M+!18]ry@~F@+%\re0Ä(*L)aqFJ&F8Ĕ*N`BIFyT@ϪBy	eMH\nB:E](I.Y7(r,BTL,c^oܭh˝MVn\"-eBDXJ́unFL~s{\0[ݞ_\\\0p\0F\\iMOzRF쵅\\9>~\'8OkDII\Zq-m.?\\wG~nm!5E5jUҽ*6BQ%\"SÔ}NmJ=6\r\\kLxq]B	#G:,Gx{f]8͞ڵe*ϧRrq ~dG;	\nd0%0Wpw\njVvxl6j=Jw@-.s<D|tCS#EKzi5k{MU\',<=7<GfBZ9t^=LmLۨuiGGZq,{6³I|Y*ԥ^NxfDhMٍ	܋9jK3*PplwxVБ+^:D;[@MDp1Cs%k@=֋\0l%ImZ)RΩ7ӗb\0V\\e!izI\rx%Iѣi:%#%c!\\X\"ɣ>3IDuB@bfrNկմ鶹V_n>_B;RzG3vΎ<$p.*}+/[cc$贮KwO]nCOվB_GG:6آ\Z\0zȚW8Y޾ە{\n+?2&nAm@$#<HFY>j@\0e.+PLː%ׂ(J2.;V\05[.fRGw~5ۛǊL|<s,hu\\w\'vM>(?PJқV\n2B\\~kV5nΪ]R\nq|c_GdQ\0@-!7A2[OphE.xqY*MpK8Jػ9̤V<%J)ȧ$pFBIF\"R0((`AUS>/p!:IXb0F\\Q1䴲,2JeDBBCq$\0O# gMKT,ʀÌ?\n1LY).V6GA\'@d9SzIDI	\'G% f]&||`R]t{Ij%l6\n\'Z#\">Kp/.mb2Vy\\	,ZFNu\nx(\'LE}nlhѶbǹrCSr.8M[vq.#;].j;vĽEZҺ\\i\'~E -sH v5\Zvczf]nU\n~$(WO9#1?<h7ku1;a?BX>pxq[CZl֢sѬ }%RD˒]BGOv`d5c=h\"ۯrാWmyGhen4\0A4h潗VSB\\z2zj\0<XQ%˅(Z}+͚2gj:\'[sB_P_/MdOOԚQޞ^f&b.TPRLqFjTXtzYX  Zh	:z)J=6,\r4̃3@q1s~CN*-+%_Iqh\"Ao8FF&*Ь.\rJ7Q/MPԀ?Bm;2:\"[\\\Zٶ8q.NuCMHONQK5ͬl>c#=n|y\0h]t%\"Y^fpCIQ*&8h]r2@O^qgSTu&JnKBպRg\\~sulN߁mյօjڗV-GB~0>1hϐ\nаBumlJ7ڹ?ߛ®:ydͿo΁|4m˜S5(>\0glkG5N8aJxfઐj$gp@RT15\"!!2\Z9K8aA-)*2!<LQQg:QF@u\"%H+\\sڼS\"DxJR	b%넌mS0f*9j\Zܺ%3&nT$LD\\UbXS<e(bluTJIKOS&sT%bhJ\r	#Sc{YֹMi5EYoK4JԜ_ x/gg[\Z}\Z:%4-Jۯt*gB\\\nh\0NjB\05F>BҢQt>.忈0;}rkݽT77yJZ6>У?gH:H->q-\r2Gr\08O>^O=v]alR\"w$*_SDbDԷzD29¬q2\0rÓA*0|WWݗw()/ub{N6+[հH<1?.7^ṵ]GŒbӈgnJb`{V6QVhWphnQb6mCr(u0}n6vW1/p+@8y{G\"ktt6iei\'y6QwHZڗQJy;Mfa6D($sb7k\\5§DLM%\\4Y͇a{cUt(y(eI8,r9|SmVU\'שu>D;uWubTe_$-^sc~ep4m2ܔ#,2{8W4NJ}[eQP_mf+$+-.<棻wZk5+#\'̯[D6+纵=Sp5wGLIX?\Z?kszF/\"67w=[fݪkN(XzInJ@TUzB\Z0I**nuuʡ)eu8>&f?4r:z\r)%\0t6w9|ͺEWȀBe8zy&}+Zc\\ʓ_VtՎRNtX+4,=-IHXgab\04]#*$PB(R*2D	EH%	\nKBp!-J34(ʣѐT-?xA@8Kr0*b@p1DPI#\0Q%I<JiLON+	enJxPB>\n*3]N^o:TFƱS\rGQ2U^LbTԥ3D{/U)x\'A^e;)|g(I$+xBBQ b`M\'<4-wnNMi׊j\'A6UҠ>JD/n-\Z8hBo\'6RJKO~֬]ϩث*[/2D[iw43o̓7^Wj\\\'p,?|s>T+MUI}}(9)xJ\'k;rZy4Yv,\0\\\\B8:7aojh2E\"fĻ,:>{u)f>=%Пc^&32;Wv`xx{xƷmi\'u.\0\\ܻX3,9Vp(Mfoj9v~5+LtC7>J-lwECEZESIOi4<5\Z{{#oL[ި{)J}wJjW.\0SnQ7b[xr\0j]-[[d->f%Bh:kP:J}ɧUUm:8AОvcUgQ,l[h#iVwbXSplfM2ך8GWٻfIdӌ{;4;tl85UmMιz)*;p5.<+5S\n2+$4\Z؏ߌOB-^M[aI1^EO@!UtNPtlYRjgKKNa\r*j\n]$q\0w\'Um;Ren4?Aׂr]]%^idalvi><JU7uj\nVZfry*m\0g>Y\n߈r\n^ TU	5]8|`BeP%ToH	[EԣP(D@(3D\0	\ZD@)5$U40B/<S?4X\ZOԙό\"Uj8JNy}%^֪UEDk?UY6zTjdgBV8*T*02 FE ̘mzP@&kR.H9?qNi?Y!(|) >C%A8{jʵl*f]/4S:Fg5NA\\?4w,7#zк\rxi${nt25m-0zuCNԶÍ<8${g]I\"&-57|Cm8?).wuƜ^:gV5L;*cm-4kՀpp8׏^]+ⰅW^klk}b]sӘ>`cTmImnXii;¦x4nw_g\\hk4MuR\\iQ\'83>1M%s9wAV[е&\0~8B{[4zL;DCTEVqu2YxG\'B8ȅ݆nb?Gc\\CU)	\" ~WpX	Giy}nrss[kP8[x^+E5zBRhB=kgu\09O+]}\nsR1]+R.]dEs\ZxczDkqrg4*evf\r#mOjx~E[.E\0(%(\0qMžŤHX{øݜ*~i3	Lӣi_^䓂}Qs*h0\\+ZӽOZ#?\"ATwV_)4l~)p>iJ*`ԓ3O(H*$ˈp&\06/z)o&*hJ҅!l)~1[z}IjѰܒ4\0կw\'%jx\Zequ8V|;&JRO\\3!X\0` \ZIiu+*q@Dd#^mY-N0p4<^Gx7q켦<h\\c^s*%B\nAM3Ď$W2U\0\0,y\'o*QDK< J^pJI\0a$T(Aā	?$DmWuI1b\rTܞ*5R|8VCXԃ1%d25HUb;VN\0jkb̙T5=p\Zs8`\"\0C9Lªj&yJITiERQ,Q(dL@BN;,נhťyV?IrCS-y[aڋy\" }|F=AEb-OX/\nzi?TrDG\'V42fIv`9\'>jNZRMi_[HҕԬҕP*XAIoYfhxCֽIۻBG>)b`%2u^W7(W6͵򏾺),nm	Y>4Jvtg\0*Ԍr[N9O\n*l^Vmm.ԩ%\Z;/	psv>l- ~yǛ{9Y3I;=ޥ	ek\\SAM)D~$5M>o;+˰[ZwlJ԰?+WI<#_@^\Zڽ6)jyS#mj\r(OwovR\n\09?:cϺxUn8֒5cֶИ)F\\yU\ZqP\0xc,ův\n\r_ST-4I8,e\nNYҦs	Vtn+Kdm&hoo#ŰXhUrS߉̢5*?zgAS(hA.sY(;t<DT∗Ǔ2_5ֵmkU݀4C	K(*%a`I\"Bs0$\'pU\Z:R8S#KI\\,LȀ\00%%#JHJfR0&\nS23*\"n0[ҕT60\'N)bScdqǀkNb|5yU9HD\nkU1p JLԳ!Ue,TR&pfBpqB\nQ\n&dL)O,9NPBP<DI^Y@+h	Wb[wOQPԣĲHRc㎳lQ~fvf5f-[t{b~{V]7ū榺޴_aC[ Km&&eraC/;F-ÝG:lw:-u	vVm=h586GtVy#Ԍo$.w^|\r=e<|>q%@bsBQY;_6zЃ*J5*)1^ش?Ðh^<u[J	v<,{Kte֫z(RV%J|29akhA{+U{CPGnHXPTm\'ES58g9*B,m{2VRr,d͊Μ<U$qkNK6G9[Vᨫ)Rfk<	w\rӷ^߳,mdg8΃*k[*͚S#?dwg\Z-WSgVA.T4Q@$3Rg,O(\rM	H%:aҙg\0USSIĀe#.<aQ,:A2	H(	\0C\0KI9\"6Y~i4NA6Mw$9B̢*\rUzS\"Jc+\ZD[QD.~\Z򄞣񄌩i\\8ESU\0UK$U,H<Qp)e(\0fQKBg$	$^Bj)nc;8!9wvۏZӟn	qGuM=3ǈ=gݻU[+)R-Bu*T%>GӦhxb;.;zJިu9 N|XuOfl-o6z`X\' NQ[y*	K\nVi}\ZxZn+l\rZA8	?(j\0ywVͬR{W;(5+X,嚇F_R[#H>zh&$$~*Y۟\0\ZC}V3q9ǭeAq\Z=XI4/.x3@\ZV#Xe}7Oo<74m_ 17W$cթ(,q1bbsTTxaSN<L&b	Q&y31I8GI@	@rvd&Azz\n@&.`X^\nXQ\r%!!d	|$48	*e\0QDe\0AH\08uR(-#(DJ8DAd3QS5<b%RQ\'8\"ʐVx	0(1\Zħ< B@\n BMNK˞f\0N,g-W塵n9N[DdW^8:\ZvTH+	H/h%\"~u/9O6z|^]M8O)F(@qJ܄\'\nQe3SA)	TJ2(\nqJTUE8ĚAbJl\Z\\fڤT:Cܽm:\Z4VĨ]WD9\nYpRyBQљCQ(DN&`Q(d	҉ES,bq,kVҪFQh24K1		q`@$E\n\0\nAP&СU=S\n#0yRBnJa)x9*kO<L@`V\\\"Z\"\'3	[DH|B8@?P!)@Q>BY2Nx$`BTR?t\'[	&_(dKyjOZȀL*\\ꪋMj#\Z;Cx!OZOL%S	PU4\0VS*d~(T\0ĚwZ)[2CI*Y<	-M6njJR<>&lѳ#CG c	ZZ\\$00J`E*T	%$NA?(j$I@!8bLL\rN,aDMbI\"m6\0Ǆ\\RDĸCQR	(8XrP|b$,NtB*̨r|ae@qL̡kP\nϔ%*!\n9 R{DVGLk*	qzYSTg(DtTSpp@.PRfTeFBY2a5MD4(TE$\nUAN,2r@\rᑜX.)h/ATprv*\ri|UdVB|\0\rJ_@T<QҩsH*^VxT\Z\Zzʙ4<+l(cY1-Sӈ!%xDI:h\rV( Q(I˖f$4@ID0&4TD-ChXH-$JQhO\"J!HBhF\"J[T̘*(:8Z+}KC			Yz&shEe%đ0V׋WTB̊\"\"Fs*$	Jr\0Bx0\'E(8JAdsȈO,pS&2r[bۏh-Mv\0U&\Z7J[ߡ͆\n[uJا)*T9dq	BMH\0s$ݦmK\0\Zq1W[mܭ7[F[n(j_C5J4a~RBO\\[$r@\'\0AaiW]m&=ֲfőO^ӻ9_܍FΠӖjʷ:WGae6I$G;Sp2l$4qjX10F=⹷HOl햧ԈM״.ݶsڥ4&ENSOUOԴSJQ)YIJ|ףm̍^G7*`!5iŧ{7om-^Eݶ+SRZ:ՑOALASjXZ7JRRO0[͐\ZI<WGD&FڶSOt=oksM5&\Zl-EmLR3T8ա{}\0d*ا%ý\n׽{u\Zv=2Mk=i-Ŋ>4`)eeW2$Gqswula).\"Yo;yHh9T*/\0\'|vnn^2՟U]XM}%c46Ci,{:T}>FF3Z5µ難Z[\r&	 xF\ZW@{9mc~aݦCY;ƓQ5hb}bOE+neiƕGڲ&LTԀh\r8bhSmiwH\n~se-Iyz^[ڤcCh~ATRIB[B[w60PO\'pUm좝.sE(9VKv_7t6Ÿ]Mە-vmjuPB.Uo3KNu!)pdU0Dy:Pl;X4M\0T2$x\ncv</)aWQwjf.au=ݟjkk\ZagE#JCRԨEj8˦{lmed!Ι#\\aA<1ϠaĎiMQzѬ.Vj?SZGSn%	8Ƹ݃Cn{>%덩lED}gkgv6Q^6L_{Ɲm4.5NL6zqc.|<q`? *.6ݫ\"sO.ݱ?t;lԗ;vb;VS֛HQwax#=\\y入6G9r>+-םsejJ8ht5EEZKkT\0aC21kP$\r-5+W\\le>lv݌=]w_Dܿ\r}uh%!0^JZ	KRTA-ḅFXPy}ßb綒)nx\0L\r\'t/PS0nmv~]R]uTL8Д@y!\0A$[ӉK$x{j7v7;WnCYh~f4T]\"^z56RUBU\n<D{[]/呗0\0<\rIGzWtKH%\\{Axx\0ǺQ5\Zg	g		sBڦJYQ\04@xmgDcZ8˗+5$g*T&%	5%8pjqπP38׹E.3 RLG3(i@<\'*tB5\"فjQҁQ%#\nqNR&@FH\0Q!Eƈ	STK	6Xmwu4״Wd:6鋆ДfK[ZZ2RRH9c;Xq]WA-ӡ\r4U\";W+^\Z&nBTn.AO6ADg#+0^Jc蟔F˕a8\\}VKBwPUP߽e\ZU/7D\Zw\'e)tJQi1lQc멪ԯy5~U6c=u\'SGyEJFAD$˘{!t}DwF+G ջ;7i=p7,t4VZVrdN*-)(DKv̞{g\n.&>*wCo,|Jj+JI5\\h[VZF6וG]A[JeT%BxrFZXY#+\0|oq~нswm;ͧ&%OuYܪ\r҇]BT@G aYl#8\0FɦA9׼yԉ{vwΕi.zԶ,[km2ES,&\\-rMNU;1qa\ryS_\'n-5صN֬s\\MNȎ_}OOjІxhY>EoUovdӳznR&ƧWJ,٣?%ܑݔx7Ǿ.O#EOA[3M3xGZY}!#MCx{R\'K_1]x\0$lz}\0ҮW6ln:-hM8Α\\k\ZڮK^MI~-)	@W|ݵţ+.bvb@pƘsmZL|\ri5n/>\Z>Y|Yt&дV]XZ]=#+QqC4\'ZZO|>5֛_.Fh]yݷtrn`lˀ)*a\"`۠IPF zh\\(G\Z?\0;}o|i{\0V\0\0\0ie#bʪIZVu$Lʔd\0&:@KAuKڿKg}ӡ-\Zu۩KuFN)]MF28ःh@BiPExlNV=ҷ#7qz47~:C\\7gkZ۷>UH.TP 0Kn\0a:\']QVн;oJم9qwv׾g0ֺSzCtEzʔ[߶0aݘPkѻU$bxy~};}jк#@շO	o{3QU~+h\n\"`,{6`Z|N}+\04o{G\\k\'/TԬ	iR9|#-	\'q6R8N4QI7u0+qRkjSI1VCEe 5V&j3<%$!)R2S	BFFp*j\r L\nAGV#8::0(\nO¢|s23`MM2FJ:15hP\0(IUG,*AB3A(H3XhO\Zw$DtI50@B2:f&qwZ\nZk&T){W/F\0:\0vWL-\0ux蕏ME[19\0\'_&I\0#V.7+>\0p2F\0\0v腩?/~һ]ͪ[SZ_p.u)}5B)Achz[~X=OZӸNջPglmUλW\\mm*:ʆK`©VIL:w}\0}E4c3[^q.ݝ]a}^*4Ɣʺ`$ X_!\rcxExcZI<\0]::p\0ctdEo[X_9/\"K)YyG%dk4|ya.ǓCSH*s`m1W[Ukm;nVEJT,]\r-udB9NuJ18Si讃[,,.]mQ.ǴwoܛU+CtxvCp)iR1Ri_0ØY5ٶ%K+2>{W<}=wxoWj\"z,66	#\rΉc;`Z+q>V}jIx;Eַ2}m?V9\0|0=+[qww-Mۿs:gf_im9Ei]<_ivN5s Wkzuż`F;M}}=o\'m5=wz\Z{Rˊ\ZKfJg#]Ca,6*0ǐx-GoekKN<Q4΄{mMSM57#ѐ[4\ZJ\'fB&q)ByO#pkOU\Zt8ޢڿx}pk{e_4?\'H:\0F]Qqߝ[@\\{Ei\rwdKwOjKu5OXSѡb@)Zn(i=*@\0\\:3_Ў~ʭSHkF>>ڮTOp&\0~{v;;YnڱqZJ&TcPV[籯;4m0>wv\\+[PҧiZ^w۶h]eiՖ++V^-67knPZKEԀ:@FկŧYIi\r[RHk^ۋ׼N\'\\k]]{/sc!}$\0^\rqgZ^٫YZN?\0?j79>Rl`0+F\0&U)d8SW Kq\"SʘAqYee9x+CBf RH3\"A3\Z`/HDO	%(hHD\"Xxg	{HRp˔\"\"@R!qNM@Q*8B)S<*iA\'\n%(bj$)&YNJ:G<yD	%B\"%3<9@w7SaXyLJhA]{m/h=٣6SPf[S]ki+ٟ-\r7Okx(s?ntg|\0pd5ȯ- `>{{o^YEi-lYki(Blոzt#<\'tuV<3!\'\ZZvx*t\rb;H\\pjstpwrwZۮu}RZVKakO	p$FmFN-hI3[?s_PmeV+}澎hJpj_lK+ vp\0C^kcܤ+{f~={n,ݾݧ-\Zm库O(6j]mj?#N*VEzʷN\'\n7DnvЎuh5Et۸&j_\ZNS*jND\0g/t2~S;0]UO~{+cw7MKOda۫X[vM9nq}jf)K[%K d#h-8IOrZnM}.y9`\0[퟽ջmkinUTCNeOUL(J%*1Nê#y暵H+}Z[	s6{oϻۆmn==}޴Wڮ:Ymfл[UI\r䮒ft;sh+SCZc[==FC)SJ\n\\8.<ҀeS6zAABIᄄu::}6Ͼ^v}\'A\r뎭\\((k`mq\r6.\nI91;Z]>[\n\0yV˭n,⁬ ԑi\0Te44.}ߞv4ޮ)85l+ڟٺmr|5W۝?o\r#MKV(s9QOm]JyuqG^w6SOݑEyE_toy[ߍBE\\\Zz\Z\Z:dhh&)(LJ%EJ=Nᲁ(OyZ}ܗ2jOY_[.ۗ;uKj-e%RTZB%E*I݇T+\\9W#YZV%3Oݷkvg4v{\0t6Y1j\Z\n˴o0b=D:J)(6՗MGI(im({ApYο̮k_GY7ꐷmUko9a.u@%\"/ۡ%X&rUO,^kc\r7x>UMv鷶k݈imUm2jm:ra멪;Bj:JB3(gN$\\i*i97b`X\'ϾFw+\'`R;Yt]ƅ.Eҭ頣3<cֺ}ձ\0x\"\0s5#FX}{{6V;htEUOWRU%䮛SP\0ߥZ<TTrw#\ZZ@ְ\\f-hQfGN+pKZ&8@ Mmu(Hg%\\u&RGI\n BB)@HP\0Дx*Nq$$՝X g8+GHLJ*<axq	BB*H8`9()(JED4I,}R\'$q(NxJP$,x\Z\n	e \'2\"@ज\"Y~&\ZE:\"R NS%\Z%\ZD`T(P턬/4NRdRF0POmX#(eBKPyy_1]z$ӄqbE>BD吋K)md>p\n\0a.P­U9<UM)&.)i&أK8(B2R.9+sjhTN\"J&j BI q0	!NI5202	=$L4s2J(\nй8+1*I#XI\'\"jO?|\n\"]GEO+,`	%sS\04MT($?$%\'\r$oLNXe&Zz@[}|sD8LC0@Np52WPI$-3P!$rNQՇ(H\0>Q2jT~Yu*_lb $<2b˄X8*\nSsUa$uU]sK&S\'b\\2R]R8hM]NULꟇQ@#Y8CV$HRWT<a( AR3\nJǔ$D BN^0!HNXB'),(8,'Telefónica Guatemala','\0JFIF\0\0\0d\0d\0\0\0Ducky\0\0\0\0\0X\0\0\0Adobe\0d\0\0\0\0\0																																																											\0,\0\0\0\0\0\0\0\0\0\0\0\0\0\0\0\0	\n\0\0\0\0\0\0\0\0\0\0\0	\0\n\0\0!1AQa\"	q2B\nR#b3C$r&Ss%45f(H\Z\0\0\0!1AQaq\"2BRr#Tb3VCs$S4t%5UcdFD6\0\0\0?\0eYO}f\Z0Ğpe\n$2\0!G,T$yFCD>|!\0y҉\\8CQP8A$BBI8CB)@FB#!>%P&GH&X.*@ s\'	\"^0!(gUJT e:%TxQ.\'J+s\Z*HL)iGI	(UQQ@IHsTG@BRI)H#0ң媳8--Xj-GJsH\n-ɺj PT\'R31`;SVԮ\rd5T<P):$r8r\08d7R@!0БOBL)Y*JADufj0ur!#*q$gBS*Xū	\rXRK@S\nrx@1BINO\ZI\'(`|hL\"Q$>J	N\"!~cr\nj1	]3PJ2LSD\nrP($ˤJZp9\"*$K$8j2\nR3T!*8Q\r\n B(\n B0(a3D#L@/P% K3)fN1*Z&u5Ha$f<1k3x/:qEn*dZ%s!E0(\0~Ȭ u(gjI5%\"$<gK	a$$)$4%,yBBR\ZRz~(HR&&18B#1HkXuQ	pҪNx@O0!K2 I)>c)t톄	\'@dI#`9xq	r0̊#1\n5D=>5.m&{SU(1GAJJ*e8\0\'wP4RnDA#P*\\@zzNy-X\\\'x\n{Nli=Wuz)K\r-C6Epqçl=ѹ_gvM3˞B;VGrޙX$ou>\rp)镚M4zUuUpmrcdli}2է\"|	=|5dwogw/O}~ܱ4oZZIZVB֔1T\'qφZJd,;h4q\r{&zs1{Vm8Jǋ/r\'#^m}??T\rO)H+BWH:ujh\0\ZF׶{@pMW77vSJ/ZLUnCZV\0ثPp^LN9cٰҷR\\_/\Zan.m!f5nOlV75ܪqDQ.:%N/ʀ\0E鏗jmnn]-\0!(J18E\\eԯ<0K8<v?=h5w~aTPXt\rU\'T^+l24:BY@K_n,tHdmbI&|b8]qys-F\rq<6Unɮ:w\nǘXy;j8Mvnw[[olCWYz۵Zp}U\04T29GV˷:yVBeLR8ߤQየ϶vq[69Z<{O 1+)wOnYThGv;fQkU.tͺ-Y<AIJ,9bu+agtEaauԌ<cZ1-nn!b}Rkh0Hdnm#@${شvݽb5.AMX6\\ޙ(S6EKrBԅ%R\"c	Z:ӭ(-u[^4rY4=iq\r9\\6Eimvs3i%+)p~pvwqD\r,K)@l4%z8%bx(s_4pۛsws5A-44i \ZT{zn{G^Ze:Do, JpH.Or\'lFi}ו֖-Z{=]n_\nl4I	\n%\'>2\0av;oMdX#1k||&J8_8TUݵz\\ws70%q@\0\r\0)?\nla<S$9b+)UXmb1_#%fGqT((VBd<@TcJj@*p\'j&c\nHr3j\0fpPR B>I\0\"3>I1o?a\nHMi2(E.j&X8,T8tBo	NUF\04\0\nDf>P!I ~P!*G/R?Nf%@%QPP$!P!ND&~Ok>\Z]ΤQ^?W_EVէhpQ?SߝolK#H-lJpjZ_Dl 6繯{Z֓(uj-}IQ]jrMJXo`(H\06[GH\Z\\Zfn{XZ1q.sI\\SOr\0\0\nv繽[Gkyt7WQhOQhr9\"\'Z#WQ6Լ֦h{hlL?&~Ww<qֆ_QոbыB{WѝZA;픶3鮏L[MjԡVqTL~{[y>JؚF0]:6j<궃mo@O<W=W{o\nzSp}t0KP[ƁM{4.<\Z*绹t&Rʵ?r<\0Y;ܽG[yҖ$]Mpe2@(WۧZHĈ_d p\nܱlzOu:SF-;+\n9WNn{3!mЩ]@4xnuoc6)79n}KJϤ{Svǣq.1r1>/oӛ\rOiڕ4L6.S2;S40:7\r;+K2F[i@3ZQuVԽtӣնvF~k\ZgI6)5)QuSۋo\r\";RuhocOƀ%XLw~`F\r\'M}`+\rPZn\0gve(]R&muygX5˭J&Y\\@K|(auk5[Guǋ0K\ZfwN:e7nQ?̯o-}))hL\0`C߽P\Zee;YEZƸM\\m=\"$KHǓ{*9}{%n	RmJR$U2IvNF\nOAA~]nZf5؆ڮv=JT֫Nە,ҸFƁB}&b==VkusoDc|#g(k]nL4scsk^!kS9s\nEؽpt!emHqfl	`+µc;\0{u5f-\\5]ٓnn.\nh8)S$bo5ڑ2}bC.5hd!@\Z\0+-dyq$-IjUYsbA\\Km_hZjsW^*BBR:A\nr|/\Z[;$y*EI}(j@v`[Jitk^#\\U\nbvG;QWt{+e5T(!E;-)Lȍ+gu`n[^kZ̲38h4:f5R\0WV֛ٚkbȅ*jJ	#8Zʹ-ʻ~^1\'*[ϧu#u{sluB6|׵㕤u9xzfj.-ixJ>7ߺ^F~[UY§H%FN۵ˣ*KϥzJfp\n&9G:oӭ4K\0PIHAfr\\DF^Ѣ-{pӖO OLx#u^/h;<O-;W[s>i\nZHG([hp%{;{gO}[S?,lxamyPKDZƨ2?4k}n>J߾;jnM7zm@WAp4]ZTR2.foo|nw`״T@hM	e{?UC48W\'ڭ~l.o[}2++()IegTC\r,GbMkR8T	v1Y?W@GĜwl>-ڋU^*R-ՕA Lɖ\n@O!W˙֘@_o:0{MifO31$4P8_+C2P*)q$BdA8Ue(pR\0eD2`RIi@(?P\'H8!o$qJV x\0IN><!/H\09Dx$q!%\'.P&Pe\r	8p	)mG#	P!LBQr*3	\"I4GqY!nl%OtMaFN*[~R%	&G	I17I6泸4NTsLsFmhE^8P 8X[[y\0xpb>\0d\0fyKZWH{l{Bs*:50[Tqֵ\0UfϬL9yFEW]\0:7k5)o[}\r]=m;eU3\nrf)_n	/JSOJtqji,Ԍ&\"_n?4Z6>uAy5c߀Yݽ-~;<TnIkk}z~n:jk\\	VM6ӢlNܚ1Vdla*n&Yى hhC[I<s<\0ҘRg:;+k=HVT*6T\'Y.>C(Fe=N:=\0˾=j\\8Acdm,`Šmy5˘FM*+_jMMk[%6EJe:c~\nUEHZpe#Mkq־y5YeoLi	[#6@;>S,k웶	V^֛CZBݲJV)iP$zm[e<#VH][hу@h\ZvkPnigh?E_4Ǖiƫ6sN=V[뭛IyI73\\)mT zmaQ.$F->M.ɶlׂX弔4+\\H%T\r\r\r[^\\n]^BȲ7ɍ\'Pr&<	U/l܆ww^bމy5]lAUKBԺ	Io6maKFcLuAsi}2V5	Ø \'!{p%Ʀޮ;k}[ƇқmNn5ԉ!sq6ご0$ǧm#k磇tn:aX<අ9C3s\0ܷZeqkB*A9GxwfY{e؋ōfUkۓ+[UBR*kV\0A-C;p\\GO$6썱@@.GQnݱL{^熜*I5}?$\0T^;ej{WS4NҳGJԺ:BFdue\0i;y7Yt]l[˴\0,)@h\023Oڗzy漀]P֌Wǉ*{T߷qr7z7&՗Fm:Z6ա\n5oSg!핦-]ӴN6кYL%5URy%85Ě4ñXƉ>=;L\0w/_}7Z\'nPqKiu+JE\r}df|ttmum-xZ%[0^JCw8>|\"&Vp}{Q$\rAPIwov\rآ}jm⭤R2@/.kqG-\r+W+2[L$tq\Z3wXmPk%˃GnV\\}$4zW؝5bZUT7(mԺ֙RKz䄦>-1%&<nj}g,ML,ó0KVfh6m=f oS+=7\\{Uk\r\0UꛭA:Q/ag?A@8(r5֨iZmD7@1ͧFqkDdqʹoN.<I	?VR=˻ѭ-yW_3mM-@2޾^m%JIQ_e^á\ZZo:*\\	l҃I(^֐տ{׷gNvKHNWe08*kx+S%Z֯qN\r u[}{j-wËh4KjR֔)E	P]E=<~^]j\ZܓEqu+IhpG\05\rͷi5mA\'(\0RМ$Xоwd]\ZAi44]K˨ܧaBԓHz>B=:M+w}3ps!\ZHicfP\Zp7~#I\\M!3Lή4Yۭ9ySyoJ/*zJ޼\\BPga<OW:N ,b::\0	\r\0*|y=zav؁k@k{^@,%%) a~҈9>QZ	QR\rI$.0!$\'$!Y\r	Vb9BLIa>\ZJI#	R\ZS8K	RS7S\"jHT,EWII#.q:,TR\0,BhJJO4	$9BX\n	r\r\n@Hj B(  B\'p!@?%%	@d(Ȉ&R$0 	\'c.(]Ӻzu\rJ)[|մ-\ZD˵U%>*PMGQ\'vX`<LcK}@ ȣ{\Zi&ڻKFv,Qс֤S6	:1hr	nvmw7#/uIۛqbo{\0Z/dݲNލlU_n\n]5kpMmӰkk\'\0:L\0f>|n~1G^1EQ#ZkBΚ\r^\\#޲GY;[۵Lⴶ룂MMi;\nkQ*	o\n9?UK%Jpqi.t⎝˕18;ڝȰ6~;p\rKb*8I\0]nwڪVUqJ;U/eJ\0)٭LT	3q-;Ddzge`\02	$\04Wj*-qwtZ\Zs37XFk*({n|Uh[Ot\n ^+-	GB9AvGG7&-n\\!kL~)](p_ti$(3|)EdFm۫u.Mh՚3XR5NAIjdӍsk:f<ZÒ[2v๤[Y3)5cI Vԝ~OcV%tİ^|.}f7ӖRՇ4>),:<ONS2@qXyd#E[[j奶.%vy\0QGph֌WwZ/㎆GƊ1os\'i6J{{v[mZ@n~u\r%?Leq#1WV֎1u,vG+pK_,;-\'Mim	vgDH3@uhΘlnUo\"Zo&/>^èU+HcǸZFK-.юk|-֎c3qֺA`]gqIO$5{m«/_u4MJtPд\ZBI19GL7at;{;148o+ys80^eVPa\Z=-:%6\\KJR*_>ΚDrkUayML~PB̧\ncagiO2MC|\\cl]Y,Zu֜:nMjU\n]EYO\r\\}_\08n\\]-g7Waȹ\\#ĞEt}oPh22<4Fu9q[1Suܮ5ot^*_KQ.<Qu+TSR\0տj7g8\"cn&c(\0\r-\r0HƊMƫ78&W񗓱#rr_-/QU1ޢe˂4awQwGz@͒p<+QOiiR;c8~{?$_yro;rTRKYl^tk\n9Q9F7q6=Ct4\nk<@W<,޳χMa\0?0w>F,*УrNt)z+uC>YQ?>g7.Ynh/\0r8ѣɏO<WD_9Β\ZuuC=Nھ4{K EKjRT &Im_4-6mBV[qk@pk\Z*\\h	_1]`it4\0bI<<7IwOE}H<uVh]ېUVGPu?@#j6nuނm柡in*Ȼ1{:ݵK\"\rGw$\0yڅ_n[k{kD5Ԥv$ʔ~4ѥEE_ҜfU}a 4\0Ul\rC\r8:jJ9AuG?~{x1obqwg-}v-n,%SI_ʼ[>i:}jFS\',e;\'RZ2٧ᅸ3>-1?PbBRs\"\n B(A$r	:&\0Ä	#!,`H 0 QKJfd0\ne$d0$8%,1\rG2P xÑ%,GJr#)2%2!Us9CBGIr$\"#|܌B44(\nc1	\"QR<~eGJy(hnbG8QG\n%)#Li=ss{+!K})>5*72%4흿ۡlCD\\(FH\0,:U`\\8~fP\0kвޛ|[~lvV|>e\n-̬!$y&97dZ蝟?VG Cp?õl}d0i<?X\0(􂬿g}keZfӥ5%;\\J2zjYjn--IRf$g=cB%efb=wØ89\"\Z/G[[ʶ7;\\hiBJ;͹ז}ջͤtv_ꋨn=jэ*]q5P˄:g)=ۭAlml_X`l&k2=чP\Zj*+/bKK\Z,M@qƘؽݷqwOnWels4V;%2LJC=iR&1gCDkw=S,sf_J1n{Dc`oJi\n?rw܍}wNV],+uz`T<M2RH8N=%jE @5CN 38-&riߩ<f-Ď)$rwC]!wO]jeG.oڪo#צpVӏT(L])]qݳF;ֽvBr<Q3; 4]ӳ5xҵԀ֐P*𹧀ƼFUXMݍ{;]k_ٍA*Z4XH˨Oڧ5:fA]JZ.۪jvch䱷͎{	ϙ\0T+5k[k,g\\088,ު]3\'al	Sw]C@\01dT플2?L&\nl	/\ritVL1D|nVdb>,bhgɍqw;[5UzmUҪK4N)fҧiCN!Iq$]%$H=#Ufۻp_\ZˇI\"\'HC^\ZX@#0pp5M,\r,\rqs\\\Z\\(T*k^t\"w\0mZk^δ]o]in^oե[Ѻq~bq8\n;~o-?~]Ag\Zvco$kַ\0Hc8[nK>滒Ow yUEAǾwKm4r[܆c5׊Z9uj*ӯH=290:]Vӷ37	nvȭʏ}8ln\\v\\ʥ /݅-өеJ	Ci2Wjnrl	m3h׾]ru&RZˑ㨊6kWHspΥX]xFP;8PwVKG~+BV6uXaZXj:\n\n\ni\"sg]6_\0l=k--~ qu=͍9#Ϸ\\A9u8҄{Zj{m\rQQhke=fGQ@yt/$\'kuſ4m;[,SHBFcC33-2*\Zp+V\Z%Ikfhf cC^#z;KN^7gtMnwrfèomTS\rET-ZJAJBzf&8,U۱mr=\'o2GnXˆ	͛)kqVm\"u+N$Rde=r=\ZuvQnN6ŕգUFө sN)O;=GkVKF(Z2xs\rC	cCV\0uM0~F綏nSǙih#\"+Zwn{w핧t`a[EuSiPQWYu.=Anm`#o=*_JL$OCx.y:}o6i#s	W\ngL҇BFiTxA\\V;/fl۷Y5M5TW6ntXM3(-QIQHg^lvA!cHo\"9[汽6ƥdp^P,Tp;kkNwv]gtM[\Z%-ZX|~ĩp2	C6в7]I&xKuYHsX+@HA l}GQ1l1\0w{\rc7q\Z腷Y_o[.j8?A:=El]\n*2QF8\\|J;jOw+ bBG!QBWPb\"4V +(	=YgFJ3YB:JNP ,P%O0!L\"Xe0r\0OMNpNIDpY*F	D 283$\0@$|&z$J$\n8ᤗ%!))JU(\r\n)(@N<yJrd\0x?G(Lp0\"U>Q 庍>{|Fٍ|ܝ׾qڒL͞G)am	JQ1R>ש{yoccΚVOV1IOr\0kBzt\r+q>[|NscKIkxq5Z]Nk۲zXU.pPkJ@m\0!	8G[[liwIVcF8Iq88O=JKݚI\rIvC\0x2G`%\"*RVU髨*Z\\e4N\'I\nI0hc\0x\rA\"6JMF)}ʚUQQR.kYI$bq@\0P\00\0\0`%K\\I&!\"jvKVv57ߝ`F\Z[b[XuInx% `I#}R;k-\n.%M,sնK([xizY潓\0(\Zш\'y\05ݼZ׸ԛP-!&)(,RӥD`82q&>Ҷfmi\".wϑ<{\'h\r~W<\0=UCCIO1@.G#	J&\nJWKI*Qqp@Ħh+]=S8$GRUcmX73Cb*\r G%C	\Z\ZTExKЪm0:gHӷ.ӵ3^Z8F*ֶgHMP0)}:())jZuf!i +&HǴ9EA AScMA	5\Z­ek)מuԵj%JR$a8clq5\r\0\0\0\0\09S{\\MIE) I\\rDxTHa?\"%H\"ibYUei	EfD|eK1K(3p$A\'Ċm$F#KSȒfIC(B	iQ$\'(i\r0D\0I!YҢ27]9J	2$@Nxs\no.êd$SRP\'OƞfGkB\'i>\0zv6rzn5uY+WFQ?ulmBWg|	\0qOUox]kgiuC+?^RHcm1]9}bHhځ[G;ܪH[V<#N\"c?<#GQ,﹇4M؋YH\0v\0rOۧpUnzTvDiӕfepe͍Xs7nZLܪ#@\0lպ\0[\0L?\0sn\'ԝw9Xv*=/:j˫)\0\n)[\n:g\Zx\0mMi\06s\0\rPGhӏ1[	\0\0ulO\0;?]ٿ܎;5Z񳧿?P;?]ٿܪwYR-ݵJL]?\0$N3Cl=\nfr5ٟuSVq\0\0ъ\0ǎ\0xlnĝ73~c;7r=j?ɟ\0$?ߧ?۱Vv>ow:Gg]{ՇL\0!t\rث;p7;܈;<\0|Ճ3\0=tcv(\0aw~cȇЃ\0V?ǾxlnzMߘrvj_n1C	b.N?6?b_,f^\"/wIy5`H%(U8G(A?t&קr\Z\ra^Ǵa6S/,hٜF/jO\0Kv߳w0Wg{fׇ\\?5ç\0CJѵܦʕ_WuԉBn4p/K\\\'Xɯ:Pn:x7{ $\0[c\0틇1\0M/rcU7qjKu{XR3p/2AVkvN0Mmer?p-\r2u:täLcŬ>{X\'\03h6cʐoKMvsU?:9p	L;i\rnhIMGM;y;ܩmf*l0Yerz	lZP4#=M_ܼMj+J\n\ZvЄ*K]U(Jn c8m+;HgO{]nWϜ<A\nOfUUQRK0P%) eCI@L\'8CEP49JTQ֞g*tJ|0Ok!8*JUN-)D\\**=)\00x=XŕPKH\n4IyH\0`!x\"\0 QSp)\" L,\n(z\nt BwpJ)tdۮt-BXqgxچ缲ݲCdAu\0R#*Q+uU\0kJe3]:㄄5UfЬ^5SwCMu4.fCOJ$Qy1\'E}#roiV\r׭Q{0\0z3gvͺSZ(Wȏt+%n?<~\0:5~S=wp=kR<otϖ\0Oq?~U\Z~aw+g7.uX\0i`)ߦ/5;rƽ\0=@7_KqCUs\0.]1~T\0?KʭGߧyL jG9P[d*皝ik8({/\n\0\0e\0-=-zj\'=F=ߏ/;AZ:[߶IjԍN~}?tm\0;=c܎=稍\0)R&Ƕo0Xnaפ*(wC\0s_?7\0q~~:F;t/\0\0\0~|ۣ+{fks^Km\nV%ǥ[edbo۟0KYPutL ^\nGR(w$TL/\0o\0T};I$w!ڦjw~\0V7{=Ɋ3	GQϪ_寥oS\0MY׿|M*={ߩo_r\"`ͺTO\Zj|Z.g{k\0I\n={sڸL[]eݲ\'!?Cji}k%yic\0Gx]_B%\0ýAu:_\nQyM\0~펷俞zwMC}_sIVd3}9crn\0ܢwfSy/ީwqX\\g]:=zd>Nɏ?Q~_}n\\=Eۂoq\Zn	,U\\A0d\0BhTwO޼%rw7WS.Un=\0S;/VyiR3Ccba 8caajWS\nI+;ҼY{dx(t\'QP!\'`guS:Uї\0HSO\nU,3FsBHW\0CjN|(NBzA\0Z%0\0p<rQ!AԠHDI>0$<`BAĘ9sA8FP(r3Sa\\$@		~\"&8(s\"J\n%b\'(j3>%I)S?(DUEUi1108D+(h\0%8$IAsBJE@ĀHEA)YC)U.WSsDXN+wU\\)}J?qA[qEJrb$S(>	5	!DRmJ)JpgT31<)fXjX}ҁ*r/H)Rs\nR<B$<z`R\nILJ\"[iǨ!!OP R2<l\"TpLTz\rsPêIK>0!(<K(̤H		*p\n$Q`AHXA%(-Jd\0\'11<@(9 uKaX)\ZRU?f$^	HQ(	`%9@D%N&ʠNx	DɥGH@\0/}ԡ]lR˒8\"ݲө<zR3bqQ+k\0TT)XOUVTg\"e3@!DRD!#R2B0Br_&a(?,K*rx3T3b3dDrfDO8K6*~Hx(\\$`L:	$J4~0)rJ~0(SP>J]3C \\`!H95u~\'âhAcZV< B`̑0x!:L\00D$Ԟ$J\ZaO<ML,\'	\"9@#,@t@P*PFXD*C$3ܟ\"ƅ$3%*R%U)0SW83)\'NEt#\"T\ZH\n_Bi^8[%؅N.^⌎+%zbo֣\nYT@(\nQ Er$8`BP2L\nRPz8Pe\Z|&FT\'la\n)\Zr.P$\\#<`K2_,e\"2PԐFHL~C>QEI\nMk9(ǌ	4\nB!TH )\\$a\"Iss:35%)gzr0SP	\n5	SJTUJ\'Lc%,EL\'8A(􁊄`*\\qUZ\n8\0XHm40p>GQi<sE\ZQ$xDMJ&yR+,ƢcWoD|\nu5Eu.M6ꭦɐj.-g<Vx\0$`	\n:>8`BZTF)us*\"HH~9\Z2=_{VmmDۋP)~X])&YKthX*|A]^c,Zy\Z	k<0!Ap\\\nk[5!8ùOiinδe4ݫ{Vՠ_T\'zmA<@DN;7D@{O}WTn){>@vnf,	9NƖ2Mc8%v3cKKhozu\0rEGX]{lYltWVY([MK)N=4\"/ԥp=\'d٣ܑ05(\ZO$]?!}}ZzUSC]Jufi̔9x捲F<5\"0 W,H\"rDC$ʲS3\"	\n΢P@\'꒴66P|):b5Op@hLpb2L^yM\ra\0*pD#.XXBIysZdp9\nX3ÉA4e\"\\TU<1T,QD2d0L!z4NL&9ŀ*#(5A+%U^0`T,Eb|8q$U$	Q6G񳄸J*i\nZ[(\0^AI%9U┩jT%Z+\0|p<NvP	TR\nj.\Zd- 7t9.=^&1:[7ܻ̫w*O1{FD\Z	k$Lc.Ya)adeR#5K<dD\nJ%}C\n4EJ%\n r3@\0kݗ7o+_}Rۋangq^dSAn>\"̎tꞽ-ڸdA@)CNq:kl\"27h4VT\'G]v6җ}AL@52SQ%D~Ezm휞]NxW}y<wq#P$GW,[1wzg\\efE5,ג\r,סŪ)HXDm.Vjڮ7lM\04E:\Z6L.)$)\0[\r6&ؓE\'\nh|ɷ?[`~w-S?AW*%;J<CPH	DDfB\\M6VQjfI94Y\0&.H6 \'.0+\ZLqP0ՁN+&ԀBsJMީ\'\rTM 5NOǔ*\'@9R\rI,,0V`e\n:JRh33\"TM7WJNb$\n\"x\0LJUf*(8\0\\4DBNNmFXgIV`sUmqBTʰr\0rUӖ\\б%w$8:āU+ M87bU=CҺ\r+!˭W$ɽuTi[$Nknhۜ^\r p]\'gt}YIɎT+Ժ^vDY\Zh:o!~UvT\0+A$% G\0Ep]uLYSF18vFP_Hh>Ӭ\Z{Hw`٥Z~U3):\nT4>\r7^fo5whqׁ[	ۑ(#c#mkPhtBKm7Ara$j\0g9Tݧ3<^Z\nVG0גd:<E|rr| |.#_{x;J#X^W4WN	&	Mȉ\0HZ]R45ȀGp	\"\'\rvn\rsH\Z|ǎ;*H<㴭yM3\'P)DITÇHD$\0\n	\0g(riD8dl\\kw(ç۵M=MV6VX	Q6΄DSՑS 0te;r%\r2KfbEk8ŜI\'esĚ(-tuvJ0mɜӆi93n#sfhs\"*?෫Xn\\Z~;ETӦH׶+\'`9FҊWGMҵ$TҦ*\ZA%\njXy84vTZw4o;llPdFmLu$b[;\\9k?{6٫tޣz!QEu~sK)dDҵ{wKGdwZGr1Ukii\0h=M91doXS-Ao>խgu$W\0(וˌ*\Z\nb N*S~s3DI5Qߪ\0~0*EY8YTr1j\nVg	X\ZI`B3|Qʝ!М#<j\rG\"[! Bv)R*N\'%=<@L=\'HNLHCR\rBq9BRNL3	hAZQ1EzP*Xa0\'YEA*$JXeʲr@%=lLjR(Z]N@Z39;\"횻~7K	G4z++0R[<Ё%+q1ڇغ-MJ)bsZw ]<V&{g킕R*B\0RK d9Nֵ	,&_}PB*MJ#/x^E=±+*I\"26PV!+K[@bR?\0MZLޭ5MPۨ.6*6#tY\Z6m-p:sZK\\>4{@+Ui\"_cx9\Z įpOmm\Z*ë6jZ\\aGnJJ\\GpJ]@H Lݛ~Q|hI j	OaZEhA{[Gq#-D**9`hk˱XFE8#j633P!(=D@gJ&spJyݎmtUSpY\\+֪E$|?/B͍ߩL:Э<܁ոE#vZe*JD>N~jmFUW֠M8YX:efM%;>J\0$ēA\0^B(kΫ1.+oҾCW\'OQ($OQ2Ks3Z2<0p[UēD\03TnR )5\r\n$@a018ujb9xǒkڵ6헖-TW]_|9c{Ax!+й|=6i}ELQUC% M,c1\r޾Ѥu_i#e`Жpm+|M$A~ˆ$>-CZWEW,akj\',|xB%^*-UrSՎ\\\"*PR\nR^}JJZLqLV)\\\"Tڦ.x%d5hc#B,0C sX<\'aKy	I.1W=%D~1sx/4ϤeP<t8R&cP)4VyUI%)ό\nU3RJԀ%Z2aSavyDT=L̹gUS,JfFDATS}eҺnh\\.o5OALTϨ!	\"#7+Ɨ8T*Sd%\rn$N;~i:OSW\Z\0Xt/~uS=y9sȌ~M6n\'vیtO>C\ZP2pǾosih:,3&p|E?)X=3u{)z\\[\\h/*Iǡ8\"7mIhi_ZmX<kB>#cE{o_Vo&\"֠G(/Nk]oc\0=jnյ[4g=IVsqvoyu:?UCK<ci{y\\hծ[z9M*}N=v#ٛe-^):RXPeGt	FF>S2ปi(ɚ1I~	}kL5-T?GUNjE$A%H8AwBVWŊIiZ\'*fp(3[A;zu	~\0ɆRy(?8Y[}\nZN<=k݈⎊!&	TQ?$=|$%o^+BԗzDM;\n\nxg\ZXC~m--i%D\Z`6P!)GMӭ!ˆ/|\0ƍV}R9!\'5\ruxI;}EnSw5UD\\.tʬG/Q)\0ڧhN^=À5=8zVFܰ޺Ԝ\\Wk[\'ѷ\nop*UgRǗ$\"I\rc;]AY\r5rїuڰJNף,cqp>,fkܣJ#SSJzt5ƆJYwKGҟc\rtޡjM{eeM219wB2Tf!U{XU?\"e%syxVY \\a)D	UQ7&YS\rf& Bh5f#Uh\nAp<`Q!L/L\n\0gR!	c\nAzKlKG8&(y%Q$SaBR̬B;MqN\nxd`U8U	gTeJ\\b`*6s\n	GKTE\0X0$BXVgPXW\0mw3Xnn\\&`\0׸>ΜjF]ee8\0Z6/uZEZʼ8{H]#v	5@$nqCy9Gv}gH],ҴHv̔~c<\'0k(+	\ZO[4UEZ\\tt\0nc. c=\Z7&\098Z_~T\'m򵥨4˔qPIYY}Y\'zn(Gw*pÐ\\zޒq)i>T,20uq\n%)NZlMjKBZӀ\"*GNal`{(CmqT0RDb\'/H6IR8xu4/22Z1w6{f-Rո)\Z\0MGOWPտKHh	x^ˢ?DOi&`+QڴtS\"	8q\' M@Q*a{~nw{ưRJ%m8 |ok1,}!Py`1+\Z);ۂ.͠Zd\Z->jhvr@KlPǷ4\'h\'-bg(Mu[S%i2RF%ܷ:ϗ\rD\0ҽݫ_VqĴwPB=!G)	<cb\0jg3}kDn΃UOElS\01qK\rt,śi;S#as*s4f;«jnCe[\\8-xw~](*4sOU\\t*8:N\'ʠ3 󏝺mzဠ:}ys`9\0`~xm:~ϧuO6[zz[2G/6;y\Z31ǿ6krp<>[?M\Z;M:뭖u.oҜl!g#m0ͳ]BlWPsh憹ᮩi4I&tmZ.Z9MZIWk%]SR8sh;kڕFg<+SUI)09SM+D\\0MbN<\Zڦ\0Us[DĪFs*!	M\0H?VJ(EB§>\ZeNa.0\"Cb>!DH81^Υꌈ#^мJ{bHhM&2(U&IU9N@G8S<xP)sQGC0[T?(r)~T@\'YJ=Dc2ЇvPkmKFީUSjVzJ`&F8d}&f)>DP^H%lq1wȻGHq=1=$NL\"+-yPBZ`|p~V\r\0\Zؠ\nA$/\'#>\'\0լ[p:JRN\r&@r	Ǚo_#[Lo`\Zz*>+X^^\Z~{SCDc\0x%\0LQrh4\ruci9{ʪT27F$|yǣsCh՝$m*޴K%&\0\\p3ak99+q-~WK|eȎR/n`j)fkR	hh%gJ;yn+ORjOaR?ftfc)<\\v8c<pѤ:s+Gx;;ǵֵjTZ\0x$m\nФ\"#tiEF>c-<x+i>_ͨ%T~$NGUqaU5!Jt	n8BR<I.nJis\0\'ԢO\0,j\Z&gSuu0/$Xu\r{c}\0\nWm[yt>帍f]eP*GZ@۴pֵdw;oݪkKTnUlN*Fգyi\09\0rZ>Ҹxh7uZPEJzGF4!kT庐Ǌ=ktTKD\Z9ecWg&_L]{IGyxDJn˝j]αuad͒\'9GghZB;(7dwܛ\"hS{ˡ,\"9kad$$GgP[mem9.\rh+W:mK=r<I4ϐ[MQW\0LW	N_dr}r4MsB.3.} (P!DaǦOʐr}T+yGV]YKC֤˗I~&x-E,R7.	ȫP%\rK8>rbl<fbr+CSE939a\nČD\0\\\0ለ ̌S\'3Ef}bሗxE{n5-,T0R^Z#rk4#0(9U&R\nS9pQ@@\n.\"\n8w8hJ2RR3(PX	%B(hʚ?vCI32fhȉ^jTI~+/Yl<foK7Cَjʔ>342҆<?c;y]92\0?_i]\0f-70:GP[+vT=qvyt\ZR$p|9$=Vh>u>,8q,4\0֎b7vHcJ*%(\nXC\"\\\\koU4ZZi\\Pe.~Vm>u\"ypt;\nWu\'$ә8r_)\\6F8,д\ZO\\JA}-H3\0副jZj	_Ii:C3rs놾	G4\Z&	)gS߬=D<f?6)<@j4,@aVӅ3Ptt9S&t%f[[<di²V=K@@ZtڪOZrg4 G]P4_Y<f 5w̕> ]n|<;-7nf;綵nK\ZeEFQZSޣyV[T#vo^vZ\\b^hP{Z5vV>׵vWmey$\ZD[_Ϫh32ufee>_JW+eo}]5R\0/Pq!CN\ns 0O2ruߦiN&%\rh\\I8\0g$khCV6Ko4\r0N\0GěP[8t\r<09-cb˞$\n;\nZ\0\\O#g@>lC7t6QZGߺu+e5azԵ!\nS>:N]8Qp==k^EOVw[S\nsԺUu}2za]oɘi\r{k4t\\Ϳ!c+%^Y[&jRdA\"\0֌\0\0\0YT b&t%X뛅chiRjYQHꕡ=r]144|xT5Vbr6xK9ouIl|\0|;N\rEpt;PԲz!2ZG|E;ʵC^1dx9}&\\<a\0T/z&Ս=1.LgWK}`jjLL\n5<ID0e+UO*K<!6+)Q$h#%fs\"p!8)B2\\|`JdLYU5M+!18]ry@~F@+%\re0Ä(*L)aqFJ&F8Ĕ*N`BIFyT@ϪBy	eMH\nB:E](I.Y7(r,BTL,c^oܭh˝MVn\"-eBDXJ́unFL~s{\0[ݞ_\\\0p\0F\\iMOzRF쵅\\9>~\'8OkDII\Zq-m.?\\wG~nm!5E5jUҽ*6BQ%\"SÔ}NmJ=6\r\\kLxq]B	#G:,Gx{f]8͞ڵe*ϧRrq ~dG;	\nd0%0Wpw\njVvxl6j=Jw@-.s<D|tCS#EKzi5k{MU\',<=7<GfBZ9t^=LmLۨuiGGZq,{6³I|Y*ԥ^NxfDhMٍ	܋9jK3*PplwxVБ+^:D;[@MDp1Cs%k@=֋\0l%ImZ)RΩ7ӗb\0V\\e!izI\rx%Iѣi:%#%c!\\X\"ɣ>3IDuB@bfrNկմ鶹V_n>_B;RzG3vΎ<$p.*}+/[cc$贮KwO]nCOվB_GG:6آ\Z\0zȚW8Y޾ە{\n+?2&nAm@$#<HFY>j@\0e.+PLː%ׂ(J2.;V\05[.fRGw~5ۛǊL|<s,hu\\w\'vM>(?PJқV\n2B\\~kV5nΪ]R\nq|c_GdQ\0@-!7A2[OphE.xqY*MpK8Jػ9̤V<%J)ȧ$pFBIF\"R0((`AUS>/p!:IXb0F\\Q1䴲,2JeDBBCq$\0O# gMKT,ʀÌ?\n1LY).V6GA\'@d9SzIDI	\'G% f]&||`R]t{Ij%l6\n\'Z#\">Kp/.mb2Vy\\	,ZFNu\nx(\'LE}nlhѶbǹrCSr.8M[vq.#;].j;vĽEZҺ\\i\'~E -sH v5\Zvczf]nU\n~$(WO9#1?<h7ku1;a?BX>pxq[CZl֢sѬ }%RD˒]BGOv`d5c=h\"ۯrാWmyGhen4\0A4h潗VSB\\z2zj\0<XQ%˅(Z}+͚2gj:\'[sB_P_/MdOOԚQޞ^f&b.TPRLqFjTXtzYX  Zh	:z)J=6,\r4̃3@q1s~CN*-+%_Iqh\"Ao8FF&*Ь.\rJ7Q/MPԀ?Bm;2:\"[\\\Zٶ8q.NuCMHONQK5ͬl>c#=n|y\0h]t%\"Y^fpCIQ*&8h]r2@O^qgSTu&JnKBպRg\\~sulN߁mյօjڗV-GB~0>1hϐ\nаBumlJ7ڹ?ߛ®:ydͿo΁|4m˜S5(>\0glkG5N8aJxfઐj$gp@RT15\"!!2\Z9K8aA-)*2!<LQQg:QF@u\"%H+\\sڼS\"DxJR	b%넌mS0f*9j\Zܺ%3&nT$LD\\UbXS<e(bluTJIKOS&sT%bhJ\r	#Sc{YֹMi5EYoK4JԜ_ x/gg[\Z}\Z:%4-Jۯt*gB\\\nh\0NjB\05F>BҢQt>.忈0;}rkݽT77yJZ6>У?gH:H->q-\r2Gr\08O>^O=v]alR\"w$*_SDbDԷzD29¬q2\0rÓA*0|WWݗw()/ub{N6+[հH<1?.7^ṵ]GŒbӈgnJb`{V6QVhWphnQb6mCr(u0}n6vW1/p+@8y{G\"ktt6iei\'y6QwHZڗQJy;Mfa6D($sb7k\\5§DLM%\\4Y͇a{cUt(y(eI8,r9|SmVU\'שu>D;uWubTe_$-^sc~ep4m2ܔ#,2{8W4NJ}[eQP_mf+$+-.<棻wZk5+#\'̯[D6+纵=Sp5wGLIX?\Z?kszF/\"67w=[fݪkN(XzInJ@TUzB\Z0I**nuuʡ)eu8>&f?4r:z\r)%\0t6w9|ͺEWȀBe8zy&}+Zc\\ʓ_VtՎRNtX+4,=-IHXgab\04]#*$PB(R*2D	EH%	\nKBp!-J34(ʣѐT-?xA@8Kr0*b@p1DPI#\0Q%I<JiLON+	enJxPB>\n*3]N^o:TFƱS\rGQ2U^LbTԥ3D{/U)x\'A^e;)|g(I$+xBBQ b`M\'<4-wnNMi׊j\'A6UҠ>JD/n-\Z8hBo\'6RJKO~֬]ϩث*[/2D[iw43o̓7^Wj\\\'p,?|s>T+MUI}}(9)xJ\'k;rZy4Yv,\0\\\\B8:7aojh2E\"fĻ,:>{u)f>=%Пc^&32;Wv`xx{xƷmi\'u.\0\\ܻX3,9Vp(Mfoj9v~5+LtC7>J-lwECEZESIOi4<5\Z{{#oL[ި{)J}wJjW.\0SnQ7b[xr\0j]-[[d->f%Bh:kP:J}ɧUUm:8AОvcUgQ,l[h#iVwbXSplfM2ך8GWٻfIdӌ{;4;tl85UmMιz)*;p5.<+5S\n2+$4\Z؏ߌOB-^M[aI1^EO@!UtNPtlYRjgKKNa\r*j\n]$q\0w\'Um;Ren4?Aׂr]]%^idalvi><JU7uj\nVZfry*m\0g>Y\n߈r\n^ TU	5]8|`BeP%ToH	[EԣP(D@(3D\0	\ZD@)5$U40B/<S?4X\ZOԙό\"Uj8JNy}%^֪UEDk?UY6zTjdgBV8*T*02 FE ̘mzP@&kR.H9?qNi?Y!(|) >C%A8{jʵl*f]/4S:Fg5NA\\?4w,7#zк\rxi${nt25m-0zuCNԶÍ<8${g]I\"&-57|Cm8?).wuƜ^:gV5L;*cm-4kՀpp8׏^]+ⰅW^klk}b]sӘ>`cTmImnXii;¦x4nw_g\\hk4MuR\\iQ\'83>1M%s9wAV[е&\0~8B{[4zL;DCTEVqu2YxG\'B8ȅ݆nb?Gc\\CU)	\" ~WpX	Giy}nrss[kP8[x^+E5zBRhB=kgu\09O+]}\nsR1]+R.]dEs\ZxczDkqrg4*evf\r#mOjx~E[.E\0(%(\0qMžŤHX{øݜ*~i3	Lӣi_^䓂}Qs*h0\\+ZӽOZ#?\"ATwV_)4l~)p>iJ*`ԓ3O(H*$ˈp&\06/z)o&*hJ҅!l)~1[z}IjѰܒ4\0կw\'%jx\Zequ8V|;&JRO\\3!X\0` \ZIiu+*q@Dd#^mY-N0p4<^Gx7q켦<h\\c^s*%B\nAM3Ď$W2U\0\0,y\'o*QDK< J^pJI\0a$T(Aā	?$DmWuI1b\rTܞ*5R|8VCXԃ1%d25HUb;VN\0jkb̙T5=p\Zs8`\"\0C9Lªj&yJITiERQ,Q(dL@BN;,נhťyV?IrCS-y[aڋy\" }|F=AEb-OX/\nzi?TrDG\'V42fIv`9\'>jNZRMi_[HҕԬҕP*XAIoYfhxCֽIۻBG>)b`%2u^W7(W6͵򏾺),nm	Y>4Jvtg\0*Ԍr[N9O\n*l^Vmm.ԩ%\Z;/	psv>l- ~yǛ{9Y3I;=ޥ	ek\\SAM)D~$5M>o;+˰[ZwlJ԰?+WI<#_@^\Zڽ6)jyS#mj\r(OwovR\n\09?:cϺxUn8֒5cֶИ)F\\yU\ZqP\0xc,ův\n\r_ST-4I8,e\nNYҦs	Vtn+Kdm&hoo#ŰXhUrS߉̢5*?zgAS(hA.sY(;t<DT∗Ǔ2_5ֵmkU݀4C	K(*%a`I\"Bs0$\'pU\Z:R8S#KI\\,LȀ\00%%#JHJfR0&\nS23*\"n0[ҕT60\'N)bScdqǀkNb|5yU9HD\nkU1p JLԳ!Ue,TR&pfBpqB\nQ\n&dL)O,9NPBP<DI^Y@+h	Wb[wOQPԣĲHRc㎳lQ~fvf5f-[t{b~{V]7ū榺޴_aC[ Km&&eraC/;F-ÝG:lw:-u	vVm=h586GtVy#Ԍo$.w^|\r=e<|>q%@bsBQY;_6zЃ*J5*)1^ش?Ðh^<u[J	v<,{Kte֫z(RV%J|29akhA{+U{CPGnHXPTm\'ES58g9*B,m{2VRr,d͊Μ<U$qkNK6G9[Vᨫ)Rfk<	w\rӷ^߳,mdg8΃*k[*͚S#?dwg\Z-WSgVA.T4Q@$3Rg,O(\rM	H%:aҙg\0USSIĀe#.<aQ,:A2	H(	\0C\0KI9\"6Y~i4NA6Mw$9B̢*\rUzS\"Jc+\ZD[QD.~\Z򄞣񄌩i\\8ESU\0UK$U,H<Qp)e(\0fQKBg$	$^Bj)nc;8!9wvۏZӟn	qGuM=3ǈ=gݻU[+)R-Bu*T%>GӦhxb;.;zJިu9 N|XuOfl-o6z`X\' NQ[y*	K\nVi}\ZxZn+l\rZA8	?(j\0ywVͬR{W;(5+X,嚇F_R[#H>zh&$$~*Y۟\0\ZC}V3q9ǭeAq\Z=XI4/.x3@\ZV#Xe}7Oo<74m_ 17W$cթ(,q1bbsTTxaSN<L&b	Q&y31I8GI@	@rvd&Azz\n@&.`X^\nXQ\r%!!d	|$48	*e\0QDe\0AH\08uR(-#(DJ8DAd3QS5<b%RQ\'8\"ʐVx	0(1\Zħ< B@\n BMNK˞f\0N,g-W塵n9N[DdW^8:\ZvTH+	H/h%\"~u/9O6z|^]M8O)F(@qJ܄\'\nQe3SA)	TJ2(\nqJTUE8ĚAbJl\Z\\fڤT:Cܽm:\Z4VĨ]WD9\nYpRyBQљCQ(DN&`Q(d	҉ES,bq,kVҪFQh24K1		q`@$E\n\0\nAP&СU=S\n#0yRBnJa)x9*kO<L@`V\\\"Z\"\'3	[DH|B8@?P!)@Q>BY2Nx$`BTR?t\'[	&_(dKyjOZȀL*\\ꪋMj#\Z;Cx!OZOL%S	PU4\0VS*d~(T\0ĚwZ)[2CI*Y<	-M6njJR<>&lѳ#CG c	ZZ\\$00J`E*T	%$NA?(j$I@!8bLL\rN,aDMbI\"m6\0Ǆ\\RDĸCQR	(8XrP|b$,NtB*̨r|ae@qL̡kP\nϔ%*!\n9 R{DVGLk*	qzYSTg(DtTSpp@.PRfTeFBY2a5MD4(TE$\nUAN,2r@\rᑜX.)h/ATprv*\ri|UdVB|\0\rJ_@T<QҩsH*^VxT\Z\Zzʙ4<+l(cY1-Sӈ!%xDI:h\rV( Q(I˖f$4@ID0&4TD-ChXH-$JQhO\"J!HBhF\"J[T̘*(:8Z+}KC			Yz&shEe%đ0V׋WTB̊\"\"Fs*$	Jr\0Bx0\'E(8JAdsȈO,pS&2r[bۏh-Mv\0U&\Z7J[ߡ͆\n[uJا)*T9dq	BMH\0s$ݦmK\0\Zq1W[mܭ7[F[n(j_C5J4a~RBO\\[$r@\'\0AaiW]m&=ֲfőO^ӻ9_܍FΠӖjʷ:WGae6I$G;Sp2l$4qjX10F=⹷HOl햧ԈM״.ݶsڥ4&ENSOUOԴSJQ)YIJ|ףm̍^G7*`!5iŧ{7om-^Eݶ+SRZ:ՑOALASjXZ7JRRO0[͐\ZI<WGD&FڶSOt=oksM5&\Zl-EmLR3T8ա{}\0d*ا%ý\n׽{u\Zv=2Mk=i-Ŋ>4`)eeW2$Gqswula).\"Yo;yHh9T*/\0\'|vnn^2՟U]XM}%c46Ci,{:T}>FF3Z5µ難Z[\r&	 xF\ZW@{9mc~aݦCY;ƓQ5hb}bOE+neiƕGڲ&LTԀh\r8bhSmiwH\n~se-Iyz^[ڤcCh~ATRIB[B[w60PO\'pUm좝.sE(9VKv_7t6Ÿ]Mە-vmjuPB.Uo3KNu!)pdU0Dy:Pl;X4M\0T2$x\ncv</)aWQwjf.au=ݟjkk\ZagE#JCRԨEj8˦{lmed!Ι#\\aA<1ϠaĎiMQzѬ.Vj?SZGSn%	8Ƹ݃Cn{>%덩lED}gkgv6Q^6L_{Ɲm4.5NL6zqc.|<q`? *.6ݫ\"sO.ݱ?t;lԗ;vb;VS֛HQwax#=\\y入6G9r>+-םsejJ8ht5EEZKkT\0aC21kP$\r-5+W\\le>lv݌=]w_Dܿ\r}uh%!0^JZ	KRTA-ḅFXPy}ßb綒)nx\0L\r\'t/PS0nmv~]R]uTL8Д@y!\0A$[ӉK$x{j7v7;WnCYh~f4T]\"^z56RUBU\n<D{[]/呗0\0<\rIGzWtKH%\\{Axx\0ǺQ5\Zg	g		sBڦJYQ\04@xmgDcZ8˗+5$g*T&%	5%8pjqπP38׹E.3 RLG3(i@<\'*tB5\"فjQҁQ%#\nqNR&@FH\0Q!Eƈ	STK	6Xmwu4״Wd:6鋆ДfK[ZZ2RRH9c;Xq]WA-ӡ\r4U\";W+^\Z&nBTn.AO6ADg#+0^Jc蟔F˕a8\\}VKBwPUP߽e\ZU/7D\Zw\'e)tJQi1lQc멪ԯy5~U6c=u\'SGyEJFAD$˘{!t}DwF+G ջ;7i=p7,t4VZVrdN*-)(DKv̞{g\n.&>*wCo,|Jj+JI5\\h[VZF6וG]A[JeT%BxrFZXY#+\0|oq~нswm;ͧ&%OuYܪ\r҇]BT@G aYl#8\0FɦA9׼yԉ{vwΕi.zԶ,[km2ES,&\\-rMNU;1qa\ryS_\'n-5صN֬s\\MNȎ_}OOjІxhY>EoUovdӳznR&ƧWJ,٣?%ܑݔx7Ǿ.O#EOA[3M3xGZY}!#MCx{R\'K_1]x\0$lz}\0ҮW6ln:-hM8Α\\k\ZڮK^MI~-)	@W|ݵţ+.bvb@pƘsmZL|\ri5n/>\Z>Y|Yt&дV]XZ]=#+QqC4\'ZZO|>5֛_.Fh]yݷtrn`lˀ)*a\"`۠IPF zh\\(G\Z?\0;}o|i{\0V\0\0\0ie#bʪIZVu$Lʔd\0&:@KAuKڿKg}ӡ-\Zu۩KuFN)]MF28ःh@BiPExlNV=ҷ#7qz47~:C\\7gkZ۷>UH.TP 0Kn\0a:\']QVн;oJم9qwv׾g0ֺSzCtEzʔ[߶0aݘPkѻU$bxy~};}jк#@շO	o{3QU~+h\n\"`,{6`Z|N}+\04o{G\\k\'/TԬ	iR9|#-	\'q6R8N4QI7u0+qRkjSI1VCEe 5V&j3<%$!)R2S	BFFp*j\r L\nAGV#8::0(\nO¢|s23`MM2FJ:15hP\0(IUG,*AB3A(H3XhO\Zw$DtI50@B2:f&qwZ\nZk&T){W/F\0:\0vWL-\0ux蕏ME[19\0\'_&I\0#V.7+>\0p2F\0\0v腩?/~һ]ͪ[SZ_p.u)}5B)Achz[~X=OZӸNջPglmUλW\\mm*:ʆK`©VIL:w}\0}E4c3[^q.ݝ]a}^*4Ɣʺ`$ X_!\rcxExcZI<\0]::p\0ctdEo[X_9/\"K)YyG%dk4|ya.ǓCSH*s`m1W[Ukm;nVEJT,]\r-udB9NuJ18Si讃[,,.]mQ.ǴwoܛU+CtxvCp)iR1Ri_0ØY5ٶ%K+2>{W<}=wxoWj\"z,66	#\rΉc;`Z+q>V}jIx;Eַ2}m?V9\0|0=+[qww-Mۿs:gf_im9Ei]<_ivN5s Wkzuż`F;M}}=o\'m5=wz\Z{Rˊ\ZKfJg#]Ca,6*0ǐx-GoekKN<Q4΄{mMSM57#ѐ[4\ZJ\'fB&q)ByO#pkOU\Zt8ޢڿx}pk{e_4?\'H:\0F]Qqߝ[@\\{Ei\rwdKwOjKu5OXSѡb@)Zn(i=*@\0\\:3_Ў~ʭSHkF>>ڮTOp&\0~{v;;YnڱqZJ&TcPV[籯;4m0>wv\\+[PҧiZ^w۶h]eiՖ++V^-67knPZKEԀ:@FկŧYIi\r[RHk^ۋ׼N\'\\k]]{/sc!}$\0^\rqgZ^٫YZN?\0?j79>Rl`0+F\0&U)d8SW Kq\"SʘAqYee9x+CBf RH3\"A3\Z`/HDO	%(hHD\"Xxg	{HRp˔\"\"@R!qNM@Q*8B)S<*iA\'\n%(bj$)&YNJ:G<yD	%B\"%3<9@w7SaXyLJhA]{m/h=٣6SPf[S]ki+ٟ-\r7Okx(s?ntg|\0pd5ȯ- `>{{o^YEi-lYki(Blոzt#<\'tuV<3!\'\ZZvx*t\rb;H\\pjstpwrwZۮu}RZVKakO	p$FmFN-hI3[?s_PmeV+}澎hJpj_lK+ vp\0C^kcܤ+{f~={n,ݾݧ-\Zm库O(6j]mj?#N*VEzʷN\'\n7DnvЎuh5Et۸&j_\ZNS*jND\0g/t2~S;0]UO~{+cw7MKOda۫X[vM9nq}jf)K[%K d#h-8IOrZnM}.y9`\0[퟽ջmkinUTCNeOUL(J%*1Nê#y暵H+}Z[	s6{oϻۆmn==}޴Wڮ:Ymfл[UI\r䮒ft;sh+SCZc[==FC)SJ\n\\8.<ҀeS6zAABIᄄu::}6Ͼ^v}\'A\r뎭\\((k`mq\r6.\nI91;Z]>[\n\0yV˭n,⁬ ԑi\0Te44.}ߞv4ޮ)85l+ڟٺmr|5W۝?o\r#MKV(s9QOm]JyuqG^w6SOݑEyE_toy[ߍBE\\\Zz\Z\Z:dhh&)(LJ%EJ=Nᲁ(OyZ}ܗ2jOY_[.ۗ;uKj-e%RTZB%E*I݇T+\\9W#YZV%3Oݷkvg4v{\0t6Y1j\Z\n˴o0b=D:J)(6՗MGI(im({ApYο̮k_GY7ꐷmUko9a.u@%\"/ۡ%X&rUO,^kc\r7x>UMv鷶k݈imUm2jm:ra멪;Bj:JB3(gN$\\i*i97b`X\'ϾFw+\'`R;Yt]ƅ.Eҭ頣3<cֺ}ձ\0x\"\0s5#FX}{{6V;htEUOWRU%䮛SP\0ߥZ<TTrw#\ZZ@ְ\\f-hQfGN+pKZ&8@ Mmu(Hg%\\u&RGI\n BB)@HP\0Дx*Nq$$՝X g8+GHLJ*<axq	BB*H8`9()(JED4I,}R\'$q(NxJP$,x\Z\n	e \'2\"@ज\"Y~&\ZE:\"R NS%\Z%\ZD`T(P턬/4NRdRF0POmX#(eBKPyy_1]z$ӄqbE>BD吋K)md>p\n\0a.P­U9<UM)&.)i&أK8(B2R.9+sjhTN\"J&j BI q0	!NI5202	=$L4s2J(\nй8+1*I#XI\'\"jO?|\n\"]GEO+,`	%sS\04MT($?$%\'\r$oLNXe&Zz@[}|sD8LC0@Np52WPI$-3P!$rNQՇ(H\0>Q2jT~Yu*_lb $<2b˄X8*\nSsUa$uU]sK&S\'b\\2R]R8hM]NULꟇQ@#Y8CV$HRWT<a( AR3\nJǔ$D BN^0!HNXB'),(9,'Ericsson Colombia','\0JFIF\0\0H\0H\0\0\0C\0\n\n		\r\r\r\r\r\r\r\r\r\r\"\"\"\"\"\"\"\"\"\"\0C\r\r\Z\Z             !      !!!   !!!!!!!!\"\"\"\"\"\"\"\"\"\"\"\"\"\"\"\0\0Pd\0\0\0\0\0\0\0\0\0\0\0\0\0\0\0\0M\0\0\0\0!1\"A2Qaq#3BRr$Cu78Sb\'4tFc\0\Z\0\0\0\0\0\0\0\0\0\0\0\0\03\0\0\0\0\0!12AQa\"3q4B#b\0\0\0?\0\0@ eHS%T@٘`\0@ \0@ \0@ \0@ \0@ \0@ W&?:\'	UBlӏ.v.R?@%vS-ڽAsU)Th靊Rpi8<yZN,dJg+MYLQBX(3KKzq7k&m5 Ԭ긵8x@\0Xkhȩ-!՞8<`m3:i-E/w؈[h,JIohI)]EM%҄C~|p#?dm:[d;L]i\'\'\n\\P8܏qMiӪb)<f\nǈ;eN+H@(8pҬ9y4xk\\R}oJSv-9Z@ 8MPKi*QL\rVs[\rFY55fߕf~\0c\ZǞ$un\\{UnyNaj^?T*GGUkI0LMTRq4ŻL	O%!{/پ?\r\0@ \0@ \0@ \0@ \0@ \0@ \Z0OQ}B=\0n?hpdB]P\\v|Lsr:c\ZnvdzF#6P\n7wgMffߜna(#hp;Gƻ&kk/yBRml\0x\0V<j~!㑂`gU~ݧʕ{|C)y$;I1[\\v^!oj\rʛmUra\ns c=|7Zyl)J1p&*ZSXB]>y0<LJr9J9<Q+npR}7ǹ3Lݩ}hGܣ889|GDa.jorWgi>QL-ԤII!7][YR$kt68q{֞m(\Zng(O?]\n^?Xŭh&ByϠLsLQe;9~BHm?r_Xx+a)|W>gIΟ٘g>OߖٯЫYz	?Ku?rH۷cq7u>WI$`\0@ \0@ \0@ \0@ \0@ \0@ Vj\0Tg\nG?N\'kɯmMq{[OvH#.NmJ4ٌMjEX\';_LSMo\"ies; ry>\\Y8VE,5I2r)3o+.iU}~YL^x5\'K$vCyV}R7Z\0m\0\0ҝ\ZE~hZ>Ԧ[T[#r\'TGl5\0je6m]md7\"^Y-jPXFR;z;gvCih-<7,W)*n>[Y@©>{	׈U潩js)J{2zQ䛾-9Gyh\0v1*AjmI\r!+|f;=]> \rA\rt\Z;aWQ.; ZsR+h\'VhxRbk#R`X\'ޙJSg	o^vkPkdת4N}vѤmGLURfeGUBJ&d)>Ah*WĮY)}*WD))HA#˸eXǑgE#Pؑ\0@s]ʺf-\\mEք8<;0%zHvk	D.v]p]OI|w mzL)5Zu[隧<uQ@w y8IicJ5z*JI?!}U%[mN-}խG:\0@C^űg>ѯͦY=P<?4ǊםB&tD̳S\rcJӞPg0dUr1l3Sȴ]SH )@`Ǭ_:&X\Zkv۲˕k:Ne)h|>VvFI )z֍@jw!/$\'?O[d[[J-/ԷTI+KAK\\}	~?ܔ6MbLy3(0;)\'jNFT@@0 8_:咶_\n+kRm֑sד\ZW_4zgس?g>\n2RyOUgdzr~XKdм\\[3SbHˬ(pLNƕɍdXܲRM8_B\\eZ2$fOuzܕ:qI)^:|xŜuP/)k2ԚX\\2[ (\\Kc^cL8҉9o	kӓ\\3]ARzN8䷘fn\'iH\0qGcjF^NE3N\rTn66GG#8VejڌqUUzsϥC?<_7=P@lnR23.5d^F\0Nzw2}9?+^xBq?5&-9+40R	QxPmH]yS&f֔?䯧xڙ\'ſ6F.vp)åRR#Fy-=㉈bX7SLܔSs)%vė)S b+L=csfjr^o﫜m\0HZBvb\"Jj@}Lvqt\Zׇٗ»z?Gtm^+NɉHpvsV?zE| 8@u,,4@t`<7Vܒ>-0y^J뮩\\`ǐGxkhÙu<8ju{k2ɣɟgɔ_J֌r\05{ֳM=\0fܿ\'5t<gRR(5̽9XR}wKuJYa,SR@\'\np!@χӶK@\0y!B#\0,ڑfPK>\'=*wU,@өA(ZaCG,Ѧ^UqԬ\"\n}r#\Z~jLr-U\\kq!^He\rZ@)f_Aښ:397l֩Tf^nN2fajુ&83DLbǩI)k9e\0Զ=Gy94^?-sJ]aߵJi2KuVxs}{qqViSv̦jX)lR؝YChKؗ)J|y)Տ1=ֽZ^^!nT34-\r)J \'zF2{F<lx6\0	֧k%rJT*e\rkoޅ6(P)<\0obI;i^f.϶Lk7}S_f/wN{LԭzZTrK5lј`!iqJ(G<Lqx[~U#ZKc!Me;yѯG-WvQSS,%iƂJHubTZg:513JIJLgvǞRRIq a8S:yQ/ReWT[!UjhJ+AQBМ$)\n.yjS_-֎%j	)M@Znؚn_8.K,$KhWA&}<1ƽ/yjܾ+ |4YiiڛzfbNaiSni)J7@w1y(Z%\\\n_Sm<\Z8Po\'u>Tݥw^vU5z)ђWLRpm<q;|JնCTkFvC1<Ja%aKYI9)<Îw;SZ3W;b7L%miuA\\jE:5R]TߨfPCG]=?G\0;5/W.BBXeA_\0)ֳ6)rq`V6\0ikkAU^bB|*VBp6YKISj[HgmIk\\8riWsVMx:k+6aV\\\niM@Wl1׶:gpksHW*ͷ\'bͲRLT\Z?qD+=D\Zb=f֚L\ZBFc!w5ѥuЙm:7$LMgxO?!:,}M)d-\nJ؜h\'!J<~94vLJߙS*֕<뎬7%#_>h͓(YҮׅ1wE\0K	QKr\0zpz}pJ}#+k3Tʻ	)CndX\n1/=-?R\0Q⣣uWgX52歭.me$J\'+is.6{$\n׍z|gËwY\ZӾ%Pil5PB[AHtmܵ`A!~-/NdZb{oXoSTh4D75\'0%2	-m=OxeA=n5/rZuG]NSjl7uK	u+@X%C\Zcӽ&Q|C[+}Rr)R\Z-%=_2rRX0Zz#{meYk|:\\B:B}	saS\\#-:s鵭?Iyi_]	yڞuo-q\0\'F;Ȍ1\0ekv_X*Ws{pp~jЮȎ^g\Z1-w]H\nqʙR$g\Z9}\"4Rbpxn˦ڤɟ.I},nF)\rիU-ˡ-MN2R:n%aLD`E9j\")1Ĺ\rcLu-PhvXMV4KG		n/ZF·w#nR	yٙq\0vZY(FGqf;hɺ\Z-AɆ^mM&-l?a0WL&Khi酣gb)-hе*}I4N!3Mtk;BOtq+%l2~8qTTx ٣ҩ\r*ّ=0\nahq%ZB\\q}Jʂ24PezM%\\=@IC\Z*۽Iwne+<:cc&d%fC3K`oZf;#R)LRꟙ[OHG \r)|xSfޓi4ʔ߷<AٍX\0\\wfsnԻr\'jjVA ƥ~TZq,NL8xBR~IQ1jxvkIL|V>Ls9˥~%-өM\Z]2ꖧ榈۽\0	@1f[mk]-Q\0@sHHRPԪ$q%!ddǭ<}Gݍ͇ә{NEM3WqFCq%!JR\\<+FP)eXM*Wr̲KqC97x1d?iJ54ڝe<RL\0$zzƟƈB̸B\\\no\0cpSD2J/9x쎘Ew;vIꂪY\\SS[iqK.$qʿm׫蕖v~Q.\'z	FO#^N9ƿU]먖mL7?4-eu8Ny7+b*:Zm7)=XJ1a帞e]!9JcqV1uŧgP5V#nԜʮ8}]s1. %< \'?{[ͣJw_<b%_f۪ǔ;4	#2W޽H\\3NP&KRe<e\rK}<pib{lrO6ԺE.l!--I[H\0Y8۴ϔNΡ[j̆e}N͛mG;{w&}<Ս;*\0?r\"?OPwߟuWj-QFA֊$y>bU=*nc׼zc^a~YlmJgRgk۞#le;E_ֹm!\'c\no\Zt]7~^~\ZUMIЉ[a\nlM_Qi%\\Kc\"DGNnӭINN_\Z]oi39J0,\Z$(DўmDJǕDLtIřoi\rq@ !D9猈ÕkV-xח\0q?>\0[*\0E\0msHVT^D,W0H2r\0ϩj	1E]KOlqzv^_UVT)?8nڿ1}_=/n+Ի\rτmO`z\0FjD:|H酟NSMӵ݉=D+Wm䴧\'2S!*\0S~_t!&Hyk*#%}*ZL^$&\0d*vwУqzzƳ+iV\0Fͨ9_}Hz2V	PB{3Uؽ2jܺ[4U	f_΄VrV?<\"ۚW[L)TjTpԫ	w-q77\0\'RukhҝZnw*j<\rs	u\r$FW׆Pq=\0Cu1axx\rpwcȧM[i/%TRJ	nI<}\"yWIӫ]TEԪ%u36gTdus\'q\'YŎfݑ~^Zo\0mvx\0\0?\0ʱ\0iD[\0i\0wLKQ|\02=j]#S*u)i	R0[Ry+@V\nso\'#yɸ쥣H\rhrU,M-Ծ0g&ͧэ9ݱֿ?F?,\nkvCeձ.өhwQGY[Go#}&6<5ACP$vRڙLEdbq?˻±\Z]D>n.{&[۟7Ee?Jת2ӊ{.wzA\rǤ6RB驥wz~b31YĎJUU6Bp+ʂW@Jc>.MNf/rJv99\\	)i)Y\n\'ьi;nn➫܏8- I(76ciְjҞ)Z5S+o\nl\"-bZK_d^I5<U3Ha6;K/A?`\r%%u)J|[\\HZOO{r粶ߙ.CkcUr@:SLJ;?v\0さb\'7+\ZOQ\'㮾h^Re~〥^c,O_++f^b*\n}(Io<±zΦ=9^mO	6uT8s+&:-}.+жPi^q++Wc-o2FqT\0@sQgMzÕ/j/ǽe$%>VBxӕaO-!Ly_}qh?fY:!t,3}3fی`cϵvvYbfSmf>wtl7Ѧ\\] >WFaӹfuPiV\ZәidZ֌mIҝZVʖzdk옍4&[4X*UrU&xמF)*s\'$f>ʱݹ >qSJxD\"eխ yy7ibJl[֦+=YSֶٜ*A{n=!|~	J=Z	UU)m)/L!PVtcq8Y{:!=vIM*+RP[yRҴ,%i!YjN3cZogڔE\"OR;PO\"rgs_wÎ=fFNf\rgB q\Z\0]^QtoM۫ݔ@o-##RS2L[m>m[F޵)_eP%Czoq:-^dk\"4ötʶ*uZ&|-inxlx*ID]VUvI	;ASeyJO} iϮ_[S:DՊG&ΦqO]Lˮ\0R+䟔tB;ve*}$OuOIk;miQ\n?tכ#ʽm\r2>QԐ5#jeY13;+igf0ͷ%mM)+|u^wqHH\\ֿ\Zu鵕\'v;vH^*.M^9\r#ؙyOŽtü\ZHgZOM/Q@9	V>87h&,ٽ<g-v-iz%(pE	\0{f+s	@=,TSe[3P؄-E9̖mHN\rx1-qc2.2mQ\'--xxZm/\')/\'(̜vK2N#\'$XW~Y{j᧷7d:\\AJg<֧Q1YBD(;6\\qBJ2=3\Z_ѭ)Е`)*RO (5G?<gH)Grah\0q\n	Oq5D.T*\ZMnGnNAq̟RO<NE:me[IGgN^s~o>W7<Lj|B\"I3]ԍi);w18&/3K,[5kvOKN\rZ?\r{+鵗WnzZ%2]WpS\nW<IӋ2_,SپvziYOi5&-M~WZ]K]G!]}bړLm7aZsm=i<(-I4hOJI9I\r$up!K.KqzFdVlRJJ\"NET{jVTqF1IV`Z\ZmeLnHD턔Uk7|r\"BNx|in\0uj-:*<禕\ZG7$FLQtġ+i\\Imn2ob=Q܋ڽ3=$dt\0lT?r*ꙙKd-!g`wYVtTKfRNTIV\0ߴDMu5׶ܫ,֛m)[m*lRk:j6X6jlJ#Y?@2LVˡ*aɉ\n܄x#9yW٨R^~.	9gBVu	^ӎ聭Tʌ%hK[Wu9`U2Ám#.!<pяdL8)rFYr矌GQaAB\0@ \0@ \0@ \0@ \0@ \0@ \0@ S\'?\09Zu0K2(̤CR2s^lvs%]\ZCm$1pJLېA$kmn}r~O)yٖ-e;Q	JCT*Pf\rrPQT?E	XŶVsժV짴ϺB[R|%uG;Prx6RT\n潞 vG9pAzB.vsTM6ahsj\\?xwOY>\'>J{ER(1Fku.琮^U-6Vqh\">dG1F,zӬ)ER47YV榜cN7;G+Mo,*.ε\'IfK:VPDN[	^r;`\\ԬV7\Zt#WM	y&.:]3*)[Ur=1{q}:mL.yS4Ӫv4e&-( m\'(d|շne{﻾GDsMsdJ6F|3y?%bkJp^5o\"!nחCMQ+ܠi<o3ߺpVTd4_~B)Nnnr(&&U8?L-+ZScstÑkVX~ܵ\ZjI<s2ґ/_~##M[Eow71^5^kNeSu*C;v넸-_|R~1N=zQu*ť4jP\n~gZ+XF:k_tf\0@ \0@ \0@ \0@ \0@ \0@ \Z?:רUd==݉V{r`IxZ\'sm\0y[mk!M~\"}0KgnB\"&qqP*uw銪$*\'ӟHT)T҆Bp? O1a96\re.O)3y^}qf{jr$88m}әZmX!\\¥җq j 3*ˊH89[^\\HC9_%.MJ5SqGY$/n0x<DVv}KHɬB 5ѽH޵ےٸ>|nu\'͑:\"NfKx]`V蓪|KCޒ!	N3ֻvLl䖨OԉeY5KOӺg%jF v/GtϘ:{):^>Qhή~F.5G=>y~~#익}oaۚJrJa[R[+YY\n?E/|S;(*jU?L~FjMx=S2Bwz㏔i^E)VkU:w<Nu=-5ބp2\0A?YӾi̾zQQ\Zuv&8L2:`;Ʀ-:JVqՑPOH	7^]ʎOÁ-Ȏ­xur;]S&DS\ZM[)kANs\n}{yģ`ieSmKȵS)Q9\0;/i4E@ \0@ \0@ \0@ \0@ \0@ \0@xGT\09Y$[<$\")-=e;Sܣ;Ge)#PNR>(Bq*R?C.8Ɍs#?^14N[WgE\'M)TVɹbV¿3q=F	%infbNarϑ\'8iZk=Jwg\Z\\Ҍ{PW93i8Qb{9K\nSRRӱ~3cj\"%w=L\0Mcx[Sk,;73/m}dh/');
/*!40000 ALTER TABLE `company` ENABLE KEYS */;
UNLOCK TABLES;

--
-- Table structure for table `install_modulo`
--

DROP TABLE IF EXISTS `install_modulo`;
/*!40101 SET @saved_cs_client     = @@character_set_client */;
/*!40101 SET character_set_client = utf8 */;
CREATE TABLE `install_modulo` (
  `install_modulo_id` int(10) unsigned NOT NULL AUTO_INCREMENT,
  `instancia_id` int(10) unsigned NOT NULL,
  `modulo_id` int(10) unsigned NOT NULL,
  `web_page` varchar(80) DEFAULT NULL,
  PRIMARY KEY (`install_modulo_id`),
  KEY `install_modulo_instancia_id` (`instancia_id`),
  KEY `install_modulo_modulo_id` (`modulo_id`),
  CONSTRAINT `install_modulo_instancia_id` FOREIGN KEY (`instancia_id`) REFERENCES `tt_instancia` (`tt_instancia_id`),
  CONSTRAINT `install_modulo_modulo_id` FOREIGN KEY (`modulo_id`) REFERENCES `modulo` (`modulo_id`)
) ENGINE=InnoDB AUTO_INCREMENT=44 DEFAULT CHARSET=latin1;
/*!40101 SET character_set_client = @saved_cs_client */;

--
-- Dumping data for table `install_modulo`
--

LOCK TABLES `install_modulo` WRITE;
/*!40000 ALTER TABLE `install_modulo` DISABLE KEYS */;
INSERT INTO `install_modulo` VALUES (1,1,1,'principal.php'),(2,1,2,'search.php'),(3,1,3,'inventario.php'),(4,1,4,'directorio.php'),(5,1,6,'preventivos.php'),(6,4,1,'principal.php'),(8,4,2,'search.php'),(9,4,4,'directorio.php'),(10,5,1,'principal.php'),(11,5,2,'search.php'),(12,5,4,'directorio.php'),(13,3,1,'principal.php'),(14,3,2,'search.php'),(15,3,4,'directorio.php'),(16,6,1,'principal.php'),(17,6,2,'search2.php'),(18,6,4,'directorio.php'),(19,7,1,'principal.php'),(20,7,2,'search.php'),(21,7,4,'directorio.php'),(22,8,1,'principal.php'),(23,8,2,'search.php'),(24,8,4,'directorio.php'),(25,9,1,'principal.php'),(26,9,2,'search.php'),(27,9,4,'directorio.php'),(28,10,1,'principal.php'),(29,10,2,'search.php'),(30,10,4,'directorio.php'),(31,11,8,'principal.php'),(32,11,2,'search3.php'),(33,11,4,'directorio.php'),(34,7,7,'cierre_canalizacion.php'),(35,8,1,'principal.php'),(36,8,2,'search.php'),(37,8,4,'directorio.php'),(38,12,8,'principal.php'),(39,12,2,'search3.php'),(40,12,4,'directorio.php'),(41,12,9,'monitor.php'),(42,11,9,'monitor.php'),(43,9,10,'upload_file.php');
/*!40000 ALTER TABLE `install_modulo` ENABLE KEYS */;
UNLOCK TABLES;

--
-- Table structure for table `instancia_var`
--

DROP TABLE IF EXISTS `instancia_var`;
/*!40101 SET @saved_cs_client     = @@character_set_client */;
/*!40101 SET character_set_client = utf8 */;
CREATE TABLE `instancia_var` (
  `instancia_var_id` int(10) unsigned NOT NULL AUTO_INCREMENT,
  `tt_instancia_id` int(10) unsigned NOT NULL,
  `program_id` int(10) unsigned NOT NULL,
  `var_name` varchar(80) NOT NULL,
  `double_value` double DEFAULT NULL,
  `date_value` datetime DEFAULT NULL,
  `int_value` int(10) unsigned DEFAULT NULL,
  `str_value` varchar(80) DEFAULT NULL,
  `comment` varchar(80) DEFAULT NULL,
  PRIMARY KEY (`instancia_var_id`),
  KEY `instancia_var_tt_instancia_id_fk` (`tt_instancia_id`),
  KEY `instancia_var_program_id_fk` (`program_id`),
  CONSTRAINT `instancia_var_program_id_fk` FOREIGN KEY (`program_id`) REFERENCES `program` (`program_id`),
  CONSTRAINT `instancia_var_tt_instancia_id_fk` FOREIGN KEY (`tt_instancia_id`) REFERENCES `tt_instancia` (`tt_instancia_id`)
) ENGINE=InnoDB AUTO_INCREMENT=13 DEFAULT CHARSET=latin1;
/*!40101 SET character_set_client = @saved_cs_client */;

--
-- Dumping data for table `instancia_var`
--

LOCK TABLES `instancia_var` WRITE;
/*!40000 ALTER TABLE `instancia_var` DISABLE KEYS */;
INSERT INTO `instancia_var` VALUES (1,7,1,'disponibilidad_registrar_fechas_alarma',NULL,NULL,1,NULL,NULL),(2,7,1,'disponibilidad_activar_con_grado_de_afectacion_mayo_igual',NULL,NULL,3,NULL,NULL),(3,6,1,'root_cause_mandatory',NULL,NULL,1,NULL,'Si es 1 el root cause es obligatorio para cerrar el reporte. AMX Calro CR'),(5,11,1,'root_cause_mandatory',NULL,NULL,1,NULL,'Root cause movistar_nic'),(7,6,1,'usar_exclusiones_reporte',NULL,NULL,1,NULL,'Activa el uso de exclusiones de reportes en la instancia america_movil. El usuar'),(8,12,1,'root_cause_mandatory',NULL,NULL,1,NULL,NULL),(9,11,1,'usar_exclusiones_reporte',NULL,NULL,1,NULL,'Activa el uso de exclusiones de reportes en la instancia mivistar nicaragua'),(10,12,1,'usar_exclusiones_reporte',NULL,NULL,1,NULL,'Activa el uso de exclusiones de reportes en la instancia mivistar nicaragua'),(11,8,1,'disponibilidad_registrar_fechas_alarma',NULL,NULL,0,NULL,NULL),(12,8,1,'disponibilidad_activar_con_grado_de_afectacion_mayo_igual',NULL,NULL,3,NULL,NULL);
/*!40000 ALTER TABLE `instancia_var` ENABLE KEYS */;
UNLOCK TABLES;

--
-- Table structure for table `modulo`
--

DROP TABLE IF EXISTS `modulo`;
/*!40101 SET @saved_cs_client     = @@character_set_client */;
/*!40101 SET character_set_client = utf8 */;
CREATE TABLE `modulo` (
  `modulo_id` int(10) unsigned NOT NULL AUTO_INCREMENT,
  `nombre` varchar(45) NOT NULL,
  `comentario` varchar(160) DEFAULT NULL,
  PRIMARY KEY (`modulo_id`)
) ENGINE=InnoDB AUTO_INCREMENT=11 DEFAULT CHARSET=latin1;
/*!40101 SET character_set_client = @saved_cs_client */;

--
-- Dumping data for table `modulo`
--

LOCK TABLES `modulo` WRITE;
/*!40000 ALTER TABLE `modulo` DISABLE KEYS */;
INSERT INTO `modulo` VALUES (1,'Principal','Telefonos y encargados de plataformas'),(2,'Busquedas Avanzadas','Mantenimiento preventivo programado'),(3,'Inventario de Radio Bases','Inventario de radios de RBS´s'),(4,'Directorio','Módulo de Estatus de plataformas'),(6,'Mantenimiento Preventivo','Modulo de mantenimiento preventivos de plataformas'),(7,'Cierre de Canalizaciones','Módulo para cerrar canalizaciones del usuaio'),(8,'Principal Movistar',NULL),(9,'Monitor de Reportes Abiertos',NULL),(10,'Agregar Documento a Tiquete',NULL);
/*!40000 ALTER TABLE `modulo` ENABLE KEYS */;
UNLOCK TABLES;

--
-- Table structure for table `notif_level1`
--

DROP TABLE IF EXISTS `notif_level1`;
/*!40101 SET @saved_cs_client     = @@character_set_client */;
/*!40101 SET character_set_client = utf8 */;
CREATE TABLE `notif_level1` (
  `notif_id` int(10) unsigned NOT NULL AUTO_INCREMENT,
  `tt_instancia_id` int(10) unsigned NOT NULL DEFAULT '0',
  `notif_type_id` int(10) unsigned NOT NULL DEFAULT '0',
  `adressee_name` varchar(45) NOT NULL DEFAULT '',
  `e_mail` varchar(45) DEFAULT NULL,
  `sms` varchar(15) DEFAULT NULL,
  PRIMARY KEY (`notif_id`),
  KEY `notif1_instancia_id_fk` (`tt_instancia_id`),
  KEY `notif1_type_FK` (`notif_type_id`),
  CONSTRAINT `notif1_instancia_id_fk` FOREIGN KEY (`tt_instancia_id`) REFERENCES `tt_instancia` (`tt_instancia_id`),
  CONSTRAINT `notif1_type_FK` FOREIGN KEY (`notif_type_id`) REFERENCES `notif_type` (`notif_type_id`)
) ENGINE=InnoDB AUTO_INCREMENT=49 DEFAULT CHARSET=latin1;
/*!40101 SET character_set_client = @saved_cs_client */;

--
-- Dumping data for table `notif_level1`
--

LOCK TABLES `notif_level1` WRITE;
/*!40000 ALTER TABLE `notif_level1` DISABLE KEYS */;
INSERT INTO `notif_level1` VALUES (3,1,3,'Rafael Mata Moya','rafael.mata@ericsson.com',NULL),(4,2,3,'Rafael Mata Moya','rafael.mata@ericsson.com',NULL),(5,1,3,'Freddy Gomez','freddy.gomez@ericsson.com',NULL),(6,2,3,'Freddy Gomez','freddy.gomez@ericsson.com',NULL),(7,1,3,'Mauricio Barboza','mauricio.barboza@ericsson.com',NULL),(8,2,3,'Mauricio Barboza','mauricio.barboza@ericsson.com',NULL),(9,1,3,'Carlos Fernandez','carlos.fernandez.fernandez@ericsson.com',NULL),(10,2,3,'Carlos Fernandez','carlos.fernandez.fernandez@ericsson.com',NULL),(11,1,3,'Fernando Kepfer','fernando.kepfer@ericsson.com',NULL),(12,2,3,'Fernando Kepfer','fernando.kepfer@ericsson.com',NULL),(13,1,3,'Andrés Elías','andres.elias@ericsson.com',NULL),(14,2,3,'Andrés Elías','andres.elias@ericsson.com',NULL),(15,1,3,'Luis diego Garcia','luis.garcia@ericsson.com',NULL),(16,2,3,'Luis diego Garcia','luis.garcia@ericsson.com',NULL),(19,1,6,'Rafael Mata Moya','rafael.mata@ericsson.com',NULL),(20,1,6,'Freddy Gomez','freddy.gomez@ericsson.com',NULL),(21,1,6,'Mauricio Barboza','mauricio.barboza@ericsson.com',NULL),(24,1,6,'Luis diego Garcia','luis.garcia@ericsson.com',NULL),(25,1,6,'Carlos Fernandez','carlos.fernandez.fernandez@ericsson.com',NULL),(26,1,6,'Edwin Vargas Aleman','edwin.vargas.aleman@ericsson.com',NULL),(27,1,3,'Victor Padilla','Victor.padilla@ericsson.com',NULL),(29,1,3,'Francisco Zumbado','Francisco.zumbado@ericsson.com',NULL),(30,1,6,'Francisco Zumbado','Francisco.zumbado@ericsson.com',NULL),(31,1,6,'Victor Padilla','Victor.padilla@ericsson.com',NULL),(32,1,7,'Freddy Gomez','freddy.gomez@ericsson.com',NULL),(33,1,7,'Luis Obando','luis.obando@ericsson.com',NULL),(34,6,3,'Freddy Gomez','freddy.gomez@ericsson.com',NULL),(35,6,3,'Johnny.varela@ericsson.com','Johnny.varela@ericsson.com',NULL),(36,6,3,'adrian.naranjo@ericsson.com','adrian.naranjo@ericsson.com',NULL),(37,6,3,'Eduardo.santos@ericsson.com','Eduardo.santos@ericsson.com',NULL),(38,6,3,'Carlos.fernandez.fernandez@ericsson.com','Carlos.fernandez.fernandez@ericsson.com',NULL),(39,6,3,'Rafael Mata Moya','Rafael.mata@ericsson.com',NULL),(40,6,3,'Nelson Calvo','Nelson.calvo@ericsson.com',NULL),(41,6,3,'Gustavo Gonzalez','Gustavo.x.gonzalez@ericsson.com',NULL),(42,6,3,'Greivin Perez','Greivin.perez@ericsson.com',NULL),(43,6,3,'Esteban Cordoba','Esteban.cordoba@ericsson.com',NULL),(44,6,3,'Jose Luis Gonzales','Jose.luis.gonzales@ericsson.com',NULL),(45,6,6,'Freddy Gomez','freddy.gomez@ericsson.com',NULL),(46,6,7,'Freddy Gomez','freddy.gomez@ericsson.com',NULL),(47,6,6,'Luis Garcia','luis.garcia@ericsson.com',NULL),(48,6,7,'Luis Garcia','luis.garcia@ericsson.com',NULL);
/*!40000 ALTER TABLE `notif_level1` ENABLE KEYS */;
UNLOCK TABLES;

--
-- Table structure for table `notif_level2`
--

DROP TABLE IF EXISTS `notif_level2`;
/*!40101 SET @saved_cs_client     = @@character_set_client */;
/*!40101 SET character_set_client = utf8 */;
CREATE TABLE `notif_level2` (
  `notif_id` int(10) unsigned NOT NULL AUTO_INCREMENT,
  `tt_instancia_id` int(10) unsigned NOT NULL DEFAULT '0',
  `notif_type_id` int(10) unsigned NOT NULL DEFAULT '0',
  `adressee_name` varchar(45) NOT NULL DEFAULT '',
  `e_mail` varchar(45) DEFAULT NULL,
  `sms` varchar(15) DEFAULT NULL,
  PRIMARY KEY (`notif_id`),
  KEY `notif2_instancia_id_fk` (`tt_instancia_id`),
  KEY `notif2_type_FK` (`notif_type_id`),
  CONSTRAINT `notif2_instancia_id_fk` FOREIGN KEY (`tt_instancia_id`) REFERENCES `tt_instancia` (`tt_instancia_id`),
  CONSTRAINT `notif2_type_FK` FOREIGN KEY (`notif_type_id`) REFERENCES `notif_type` (`notif_type_id`)
) ENGINE=InnoDB DEFAULT CHARSET=latin1;
/*!40101 SET character_set_client = @saved_cs_client */;

--
-- Dumping data for table `notif_level2`
--

LOCK TABLES `notif_level2` WRITE;
/*!40000 ALTER TABLE `notif_level2` DISABLE KEYS */;
/*!40000 ALTER TABLE `notif_level2` ENABLE KEYS */;
UNLOCK TABLES;

--
-- Table structure for table `notif_level3`
--

DROP TABLE IF EXISTS `notif_level3`;
/*!40101 SET @saved_cs_client     = @@character_set_client */;
/*!40101 SET character_set_client = utf8 */;
CREATE TABLE `notif_level3` (
  `notif_id` int(10) unsigned NOT NULL AUTO_INCREMENT,
  `tt_instancia_id` int(10) unsigned NOT NULL DEFAULT '0',
  `notif_type_id` int(10) unsigned NOT NULL DEFAULT '0',
  `adressee_name` varchar(45) NOT NULL DEFAULT '',
  `e_mail` varchar(45) DEFAULT NULL,
  `sms` varchar(15) DEFAULT NULL,
  PRIMARY KEY (`notif_id`),
  KEY `notif3_instancia_id_fk` (`tt_instancia_id`),
  KEY `notif3_type_FK` (`notif_type_id`),
  CONSTRAINT `notif3_instancia_id_fk` FOREIGN KEY (`tt_instancia_id`) REFERENCES `tt_instancia` (`tt_instancia_id`),
  CONSTRAINT `notif3_type_FK` FOREIGN KEY (`notif_type_id`) REFERENCES `notif_type` (`notif_type_id`)
) ENGINE=InnoDB DEFAULT CHARSET=latin1;
/*!40101 SET character_set_client = @saved_cs_client */;

--
-- Dumping data for table `notif_level3`
--

LOCK TABLES `notif_level3` WRITE;
/*!40000 ALTER TABLE `notif_level3` DISABLE KEYS */;
/*!40000 ALTER TABLE `notif_level3` ENABLE KEYS */;
UNLOCK TABLES;

--
-- Table structure for table `notif_type`
--

DROP TABLE IF EXISTS `notif_type`;
/*!40101 SET @saved_cs_client     = @@character_set_client */;
/*!40101 SET character_set_client = utf8 */;
CREATE TABLE `notif_type` (
  `notif_type_id` int(10) unsigned NOT NULL AUTO_INCREMENT,
  `name` varchar(80) NOT NULL DEFAULT '',
  PRIMARY KEY (`notif_type_id`)
) ENGINE=InnoDB AUTO_INCREMENT=8 DEFAULT CHARSET=latin1;
/*!40101 SET character_set_client = @saved_cs_client */;

--
-- Dumping data for table `notif_type`
--

LOCK TABLES `notif_type` WRITE;
/*!40000 ALTER TABLE `notif_type` DISABLE KEYS */;
INSERT INTO `notif_type` VALUES (1,'Reportes Abiertos'),(2,'Canalizaciones Abiertas'),(3,'Reportes Excedidos'),(4,'Ordenes de Trabajo'),(5,'Ordenes de Trabajo Excedidas'),(6,'Eficiencia en TT'),(7,'Open Reports Status');
/*!40000 ALTER TABLE `notif_type` ENABLE KEYS */;
UNLOCK TABLES;

--
-- Table structure for table `program`
--

DROP TABLE IF EXISTS `program`;
/*!40101 SET @saved_cs_client     = @@character_set_client */;
/*!40101 SET character_set_client = utf8 */;
CREATE TABLE `program` (
  `program_id` int(10) unsigned NOT NULL AUTO_INCREMENT,
  `nombre` varchar(80) NOT NULL,
  PRIMARY KEY (`program_id`)
) ENGINE=InnoDB AUTO_INCREMENT=2 DEFAULT CHARSET=latin1;
/*!40101 SET character_set_client = @saved_cs_client */;

--
-- Dumping data for table `program`
--

LOCK TABLES `program` WRITE;
/*!40000 ALTER TABLE `program` DISABLE KEYS */;
INSERT INTO `program` VALUES (1,'Trouble Management');
/*!40000 ALTER TABLE `program` ENABLE KEYS */;
UNLOCK TABLES;

--
-- Table structure for table `tt_instancia`
--

DROP TABLE IF EXISTS `tt_instancia`;
/*!40101 SET @saved_cs_client     = @@character_set_client */;
/*!40101 SET character_set_client = utf8 */;
CREATE TABLE `tt_instancia` (
  `tt_instancia_id` int(10) unsigned NOT NULL AUTO_INCREMENT,
  `db_name` varchar(45) NOT NULL DEFAULT '',
  `name` varchar(45) NOT NULL DEFAULT '',
  `active` varchar(5) NOT NULL DEFAULT '',
  `mail_acount` int(10) unsigned NOT NULL DEFAULT '1',
  `OpenReportNotifExtraText` blob NOT NULL,
  `client_name` varchar(45) NOT NULL DEFAULT '',
  `noc_name` varchar(45) NOT NULL DEFAULT '',
  `company_id` int(10) unsigned NOT NULL DEFAULT '0',
  PRIMARY KEY (`tt_instancia_id`)
) ENGINE=InnoDB AUTO_INCREMENT=14 DEFAULT CHARSET=latin1;
/*!40101 SET character_set_client = @saved_cs_client */;

--
-- Dumping data for table `tt_instancia`
--

LOCK TABLES `tt_instancia` WRITE;
/*!40000 ALTER TABLE `tt_instancia` DISABLE KEYS */;
INSERT INTO `tt_instancia` VALUES (1,'ice_gsm_cr','GSM ICE CR','False',1,'\r\nPara consultas y detalles sobre reportes puede visitar la pgina Web\r\nhttp://10.137.20.70/  sistema: Red GSM ICE Costa Rica.\r\n\r\nNota: Esta direccin solo puede ser accesada  si se encuentra dentro\r\nde la red del ICE. Si no puede accesar esta pgina comunquelo\r\na: Front Office Ericsson Costa Rica.\r\n__________________________________________________________________________\r\nFront Office Ericsson Costa Rica.\r\nTelf.(506) 22 36 00 33\r\nFax. (506) 22 35 29 00\r\nE-mail. frontoffice@gsm600.com\r\n','I.C.E.','Centro de Gestión Ericsson Costa Rica',1),(2,'caw_jamaica','CW Jamaica','False',1,'Para cualquier duda sobre el estado del reporte puede visitar la pgina Web\r\nhttp://10.137.20.70/ sistema Red TDMA ICE Costa Rica\r\n____________________________________\r\nFront Office Ericsson Costa Rica.\r\nTelf.(506) 22 36 00 33\r\nFax. (506) 22 35 29 00\r\nE-mail. frontoffice@gsm600.com','LIME','Centro de Gestión Ericsson Costa Rica',5),(3,'amx_cr_proyecto','Claro Proyecto CR','True',1,'\r\nPara consultas y detalles sobre reportes puede visitar la pgina Web\r\nhttps://186.15.224.6/  Instancia: AMX CR Proyecto\r\n__________________________________________________________________________\r\nFront Office Ericsson Costa Rica.\r\nTelf.(506) 2235 2900\r\nE-mail. dispatch.costa.rica@ericsson.com\r\n','América Movil','Centro de Gestión Ericsson Costa Rica',4),(4,'cable_tica_DWDM','Cable Tica DWDM','True',1,'<placeholder>','Cable Tica','Centro de Gestión Ericsson Costa Rica',2),(5,'telefonica','Telefónica CR','True',1,'\r\nPara consultas y detalles sobre reportes puede visitar la pgina Web\r\nhttps://186.15.224.6/  Instancia: Telefnica CR.\r\n__________________________________________________________________________\r\nFront Office Ericsson Costa Rica.\r\nTelf.(506) 2235 2900\r\nE-mail. frontoffice@gsm600.com\r\n','Telefónica CR','Centro de Gestión Ericsson Costa Rica',3),(6,'america_movil','AMX CR','True',1,'\r\nPara consultas y detalles sobre reportes puede visitar la pgina Web\r\nhttps://186.15.224.6/  Instancia: AMX CR\r\n__________________________________________________________________________\r\nFront Office Ericsson Costa Rica.\r\nTelf.(506) 2235 2900\r\nE-mail. frontoffice@gsm600.com\r\n','Claro Costa Rica','L NOC Costa Rica',4),(7,'c_and_w','CW Panamá','False',1,'\r\nPara consultas y detalles sobre reportes puede visitar la pgina Web\r\nhttps://186.15.224.6/  Instancia: C&W\r\n__________________________________________________________________________\r\nFront Office Ericsson Panam\r\n\r\n','+ Móvil','Noc CW Panamá',5),(8,'soporte','ERC DEVELOP','True',1,'\r\nPara consultas y detalles sobre reportes puede visitar la pgina Web\r\nhttps://186.15.224.6/  Instancia: Soporte Tcnico EDV\r\n__________________________________________________________________________\r\nCentro de Gestin EDV Software\r\n\r\n','ERICSSON','Desarrollo CR',6),(9,'claro_cr','Claro Costa Rica','True',1,'<table width=\"100%\" border=\"0\" cellspacing=\"0\" cellpadding=\"0\">\r\n  <tr> \r\n    <td bgcolor=\"#FFFFFF\"> \r\n      <div align=\"left\"><font color=\"#666666\">_________________________________________________________________________________________________________________________</font>\r\n	  </div>    </td>\r\n  </tr>\r\n  \r\n  <tr> \r\n    <td bgcolor=\"#FFFFFF\"> \r\n      <div align=\"left\"><font face=\"Verdana, Arial, Helvetica, sans-serif\" size=\"1\" color=\"#666666\">ERICSSON DE Costa Rica ERC. </font></div>    </td>\r\n  </tr>\r\n  <tr> \r\n    <td bgcolor=\"#FFFFFF\"> \r\n    </td>\r\n  </tr>\r\n</table>','Claro de Costa Rica','Dispatch Center Costa Rica',4),(10,'western_union_cr','Western Union CR','False',1,'\r\nPara consultas y detalles sobre reportes puede visitar la pgina Web\r\nhttps://186.15.224.6/  Instancia: Western Union CR\r\n__________________________________________________________________________\r\nCentro de Soporte Claro Western Union CR\r\n\r\n','Western Union CR','Centro de Soporte Claro Western Union CR',4),(11,'movistar_nic','Movistar NIC','True',1,'\r\nPara consultas y detalles sobre reportes puede visitar la pgina Web\r\nhttps://186.15.224.6/  Instancia: Movistar NIC	\r\n__________________________________________________________________________\r\nCentro de Gestin Ericsson Costa Rica\r\n\r\n','Telefónica Nicaragua','Centro de Gestión Ericsson CR-NIC',7),(12,'movistar_gua','Movistar GUA','True',1,'\r\nPara consultas y detalles sobre reportes puede visitar la pgina Web\r\nhttps://186.15.224.6/  Instancia: Movistar Gua\r\n__________________________________________________________________________\r\nCentro de Gestin Ericsson Costa Rica\r\n\r\n','Telefónica Guatemala','Centro de Gestión Ericsson CR-GUA',8),(13,'movistar_col','Movistar Colombia','False',1,'\r\nPara consultas y detalles sobre reportes puede visitar la pgina Web\r\nhttps://186.15.224.6/  Instancia: Movistar Colombia\r\n__________________________________________________________________________\r\nCentro de Gestin Ericsson Colombia\r\n\r\n','Telefónica Colombia','Centro de Gestión Colombia',8);
/*!40000 ALTER TABLE `tt_instancia` ENABLE KEYS */;
UNLOCK TABLES;

--
-- Table structure for table `version_control`
--

DROP TABLE IF EXISTS `version_control`;
/*!40101 SET @saved_cs_client     = @@character_set_client */;
/*!40101 SET character_set_client = utf8 */;
CREATE TABLE `version_control` (
  `version_id` int(10) unsigned NOT NULL AUTO_INCREMENT,
  `version_valid` varchar(45) NOT NULL DEFAULT '',
  `comentario` varchar(45) NOT NULL DEFAULT '',
  PRIMARY KEY (`version_id`)
) ENGINE=InnoDB AUTO_INCREMENT=23 DEFAULT CHARSET=latin1;
/*!40101 SET character_set_client = @saved_cs_client */;

--
-- Dumping data for table `version_control`
--

LOCK TABLES `version_control` WRITE;
/*!40000 ALTER TABLE `version_control` DISABLE KEYS */;
INSERT INTO `version_control` VALUES (20,'‹‰­¿©¥Ÿ«…™‹¿›ƒƒ‹›‹©¿­‹¥§“Ÿ¿‡Ÿ©¥Ÿ™Ao]g',''),(22,'‹‰­¿©¥Ÿ«…™‹¿›ƒƒ‹›‹©¿­‹¥§“Ÿ¿‡Ÿ©¥Ÿ™Ao]k','');
/*!40000 ALTER TABLE `version_control` ENABLE KEYS */;
UNLOCK TABLES;

--
-- Table structure for table `web_access`
--

DROP TABLE IF EXISTS `web_access`;
/*!40101 SET @saved_cs_client     = @@character_set_client */;
/*!40101 SET character_set_client = utf8 */;
CREATE TABLE `web_access` (
  `web_access_id` int(10) unsigned NOT NULL AUTO_INCREMENT,
  `web_user_id` int(10) unsigned NOT NULL DEFAULT '0',
  `tt_instancia_id` int(10) unsigned NOT NULL DEFAULT '0',
  `user_id` int(10) unsigned NOT NULL DEFAULT '0',
  PRIMARY KEY (`web_access_id`),
  KEY `FK_web_access_user_id` (`web_user_id`),
  KEY `FK_web_access_tt_instancia_id` (`tt_instancia_id`),
  KEY `Index_user_instancia_unique` (`web_user_id`,`tt_instancia_id`),
  CONSTRAINT `FK_web_access_tt_instancia_id` FOREIGN KEY (`tt_instancia_id`) REFERENCES `tt_instancia` (`tt_instancia_id`),
  CONSTRAINT `FK_web_access_user_id` FOREIGN KEY (`web_user_id`) REFERENCES `web_user` (`web_user_id`)
) ENGINE=InnoDB AUTO_INCREMENT=199 DEFAULT CHARSET=latin1;
/*!40101 SET character_set_client = @saved_cs_client */;

--
-- Dumping data for table `web_access`
--

LOCK TABLES `web_access` WRITE;
/*!40000 ALTER TABLE `web_access` DISABLE KEYS */;
INSERT INTO `web_access` VALUES (10,4,1,0),(11,4,2,0),(12,4,3,0),(14,4,4,0),(19,7,4,4),(21,7,1,48),(26,16,1,21),(27,36,4,0),(28,36,3,53),(29,36,1,53),(30,36,2,53),(31,22,4,0),(32,22,3,7),(33,22,1,7),(35,5,4,5),(39,38,4,0),(40,38,3,0),(41,38,1,104),(42,38,2,0),(43,21,4,0),(44,21,3,17),(45,21,1,17),(46,21,2,17),(52,41,1,0),(56,5,5,24),(58,46,1,125),(59,50,4,0),(60,50,3,0),(61,50,1,0),(62,50,5,0),(63,1,4,2),(64,1,3,2),(65,1,1,0),(66,1,5,0),(67,22,5,7),(68,51,5,0),(69,1,6,2),(75,22,6,7),(76,5,6,24),(82,47,4,0),(83,47,1,0),(88,56,5,0),(89,46,6,0),(91,1,7,2),(92,59,4,0),(93,1,9,2),(94,1,11,2),(95,1,8,0),(96,1,10,0),(97,22,9,0),(98,22,7,0),(99,22,11,0),(100,22,8,0),(101,22,10,0),(104,5,11,152),(106,5,8,0),(107,60,11,152),(109,63,7,154),(110,62,7,153),(111,64,7,152),(112,66,1,148),(114,71,7,166),(115,72,7,0),(118,75,7,151),(122,81,5,0),(128,67,7,195),(129,70,7,167),(130,85,7,188),(131,86,7,168),(132,87,7,169),(133,88,7,171),(134,89,7,172),(135,90,7,197),(136,91,7,173),(137,93,7,174),(138,94,7,175),(139,95,7,176),(140,96,7,177),(141,97,7,178),(142,98,7,179),(143,99,7,180),(144,100,7,181),(146,103,7,194),(149,106,7,0),(150,112,6,0),(151,116,11,0),(152,1,12,2),(153,5,12,152),(154,126,12,0),(156,130,12,0),(157,130,11,0),(158,36,6,53),(159,36,12,0),(160,36,11,0),(161,36,5,0),(162,112,3,0),(164,45,6,8),(165,45,3,8),(166,45,12,0),(167,45,11,0),(168,45,5,8),(169,138,8,0),(170,138,5,0),(171,138,3,0),(172,138,7,0),(173,138,4,0),(180,143,8,0),(181,144,8,0),(182,148,6,0),(183,148,9,0),(184,148,3,0),(185,149,12,0),(186,150,12,0),(187,151,12,0),(188,152,12,0),(189,153,12,0),(191,155,9,0),(192,83,9,190),(193,83,8,0),(194,83,5,0),(195,83,11,0),(196,83,12,0),(197,156,9,176),(198,157,9,246);
/*!40000 ALTER TABLE `web_access` ENABLE KEYS */;
UNLOCK TABLES;

--
-- Table structure for table `web_construct`
--

DROP TABLE IF EXISTS `web_construct`;
/*!40101 SET @saved_cs_client     = @@character_set_client */;
/*!40101 SET character_set_client = utf8 */;
CREATE TABLE `web_construct` (
  `web_construct_id` int(10) unsigned NOT NULL AUTO_INCREMENT,
  `tt_instancia_id` int(10) unsigned NOT NULL,
  `foot_page` blob NOT NULL,
  PRIMARY KEY (`web_construct_id`),
  KEY `web_construct_tt_instancia_id` (`tt_instancia_id`),
  CONSTRAINT `web_construct_tt_instancia_id` FOREIGN KEY (`tt_instancia_id`) REFERENCES `tt_instancia` (`tt_instancia_id`)
) ENGINE=InnoDB AUTO_INCREMENT=10 DEFAULT CHARSET=latin1;
/*!40101 SET character_set_client = @saved_cs_client */;

--
-- Dumping data for table `web_construct`
--

LOCK TABLES `web_construct` WRITE;
/*!40000 ALTER TABLE `web_construct` DISABLE KEYS */;
INSERT INTO `web_construct` VALUES (1,1,'\r\n\r\n<table width=\"100%\" border=\"0\" cellspacing=\"0\" cellpadding=\"0\">\r\n  <tr> \r\n    <td bgcolor=\"#FFFFFF\"> \r\n      <div align=\"left\"><font color=\"#666666\">_________________________________________________________________________________________________________________________</font></div>    </td>\r\n  </tr>\r\n  \r\n  <tr> \r\n    <td bgcolor=\"#FFFFFF\"> \r\n      <div align=\"left\"><font face=\"Verdana, Arial, Helvetica, sans-serif\" size=\"1\" color=\"#666666\">Instancia Red ICE GSM CR. Ericsson \r\n        de Costa Rica S.A. Oficentro Torre La Sabana, 9&deg; piso. P.O. Box 10073-1000 \r\n        San Jose, Costa Rica. Tel&eacute;fono +506 2519 0800. Fax +506 2519 0811.</font></div>    </td>\r\n  </tr>\r\n  <tr> \r\n    <td bgcolor=\"#FFFFFF\"> \r\n      <div align=\"left\"><font face=\"Verdana, Arial, Helvetica, sans-serif\" size=\"1\" color=\"#666666\">Network Operation Center ERC, 300 m. sur de la iglesia de Tib&aacute;s, \r\n        Contiguo a Ciclo Canet, San Jos&eacute; , Costa Rica. Tel&eacute;fono \r\n        +506 2236 0045. Fax +506 2519 0810.</font></div>    </td>\r\n  </tr>\r\n<span id=\"cdSiteSeal1\"><script type=\"text/javascript\" src=\"//tracedseals.starfieldtech.com/siteseal/get?scriptId=cdSiteSeal1&amp;cdSealType=Seal1&amp;sealId=55e4ye7y7mb73b3e4475b13492e203b0ky7mb7355e4ye7523ba5c35a8d421777\"></script></span>\r\n\r\n</table>\r\n'),(2,4,'<table width=\"100%\" border=\"0\" cellspacing=\"0\" cellpadding=\"0\">\r\n  <tr> \r\n    <td bgcolor=\"#FFFFFF\"> \r\n      <div align=\"left\"><font color=\"#666666\">_________________________________________________________________________________________________________________________</font></div>    </td>\r\n  </tr>\r\n  \r\n  <tr> \r\n    <td bgcolor=\"#FFFFFF\"> \r\n      <div align=\"left\"><font face=\"Verdana, Arial, Helvetica, sans-serif\" size=\"1\" color=\"#666666\">Instancia Cable Tica. Ericsson \r\n        de Costa Rica S.A. Oficentro Torre La Sabana, 9&deg; piso. P.O. Box 10073-1000 \r\n        San Jose, Costa Rica. Tel&eacute;fono +506 2519 0800. Fax +506 2519 0811.</font></div>    </td>\r\n  </tr>\r\n  <tr> \r\n    <td bgcolor=\"#FFFFFF\"> \r\n      <div align=\"left\"><font face=\"Verdana, Arial, Helvetica, sans-serif\" size=\"1\" color=\"#666666\">Network Operation Center ERC, 300 m. sur de la iglesia de Tib&aacute;s, \r\n        Contiguo a Ciclo Canet, San Jos&eacute; , Costa Rica. Tel&eacute;fono \r\n        +506 2236 0045. Fax +506 2519 0810.</font></div>    </td>\r\n  </tr>\r\n<span id=\"cdSiteSeal1\"><script type=\"text/javascript\" src=\"//tracedseals.starfieldtech.com/siteseal/get?scriptId=cdSiteSeal1&amp;cdSealType=Seal1&amp;sealId=55e4ye7y7mb73b3e4475b13492e203b0ky7mb7355e4ye7523ba5c35a8d421777\"></script></span>\r\n\r\n</table>'),(3,5,'<table width=\"100%\" border=\"0\" cellspacing=\"0\" cellpadding=\"0\">\r\n  <tr> \r\n    <td bgcolor=\"#FFFFFF\"> \r\n      <div align=\"left\"><font color=\"#666666\">_________________________________________________________________________________________________________________________</font></div>    </td>\r\n  </tr>\r\n  \r\n  <tr> \r\n    <td bgcolor=\"#FFFFFF\"> \r\n      <div align=\"left\"><font face=\"Verdana, Arial, Helvetica, sans-serif\" size=\"1\" color=\"#666666\">Inntancia Telef&oacute;nica. Ericsson \r\n        de Costa Rica S.A. Oficentro Torre La Sabana, 9&deg; piso. P.O. Box 10073-1000 \r\n        San Jose, Costa Rica. Tel&eacute;fono +506 2519 0800. Fax +506 2519 0811.</font></div>    </td>\r\n  </tr>\r\n  <tr> \r\n    <td bgcolor=\"#FFFFFF\"> \r\n      <div align=\"left\"><font face=\"Verdana, Arial, Helvetica, sans-serif\" size=\"1\" color=\"#666666\">Network Operation Center ERC, 300 m. sur de la iglesia de Tib&aacute;s, \r\n        Contiguo a Ciclo Canet, San Jos&eacute; , Costa Rica. Tel&eacute;fono \r\n        +506 2236 0045. Fax +506 2519 0810.</font></div>    </td>\r\n  </tr>\r\n\r\n<span id=\"cdSiteSeal1\"><script type=\"text/javascript\" src=\"//tracedseals.starfieldtech.com/siteseal/get?scriptId=cdSiteSeal1&amp;cdSealType=Seal1&amp;sealId=55e4ye7y7mb73b3e4475b13492e203b0ky7mb7355e4ye7523ba5c35a8d421777\"></script></span>\r\n\r\n</table>'),(4,6,'<table width=\"100%\" border=\"0\" cellspacing=\"0\" cellpadding=\"0\">\r\n  <tr> \r\n    <td bgcolor=\"#FFFFFF\"> \r\n      <div align=\"left\"><font color=\"#666666\">_________________________________________________________________________________________________________________________</font></div>    </td>\r\n  </tr>\r\n  \r\n  <tr> \r\n    <td bgcolor=\"#FFFFFF\"> \r\n      <div align=\"left\"><font face=\"Verdana, Arial, Helvetica, sans-serif\" size=\"1\" color=\"#666666\">Instancia Am&eacute;rica Movil O&M. Ericsson \r\n        de Costa Rica S.A. Oficentro Torre La Sabana, 9&deg; piso. P.O. Box 10073-1000 \r\n        San Jose, Costa Rica. Tel&eacute;fono +506 2519 0800. Fax +506 2519 0811.</font></div>    </td>\r\n  </tr>\r\n  <tr> \r\n    <td bgcolor=\"#FFFFFF\"> \r\n      <div align=\"left\"><font face=\"Verdana, Arial, Helvetica, sans-serif\" size=\"1\" color=\"#666666\">Network Operation Center ERC, 300 m. sur de la iglesia de Tib&aacute;s, \r\n        Contiguo a Ciclo Canet, San Jos&eacute; , Costa Rica. Tel&eacute;fono \r\n        +506 2236 0045. Fax +506 2519 0810.</font></div>    </td>\r\n  </tr>\r\n</table>'),(5,7,'<table width=\"100%\" border=\"0\" cellspacing=\"0\" cellpadding=\"0\">\r\n  <tr> \r\n    <td bgcolor=\"#FFFFFF\"> \r\n      <div align=\"left\"><font color=\"#666666\">_________________________________________________________________________________________________________________________</font></div>    </td>\r\n  </tr>\r\n  \r\n  <tr> \r\n    <td bgcolor=\"#FFFFFF\"> \r\n      <div align=\"left\"><font face=\"Verdana, Arial, Helvetica, sans-serif\" size=\"1\" color=\"#666666\">Instancia Cable&Wireless O&M. Ericsson \r\n        de Costa Rica S.A. Oficentro Torre La Sabana, 9&deg; piso. P.O. Box 10073-1000 \r\n        San Jose, Costa Rica. Tel&eacute;fono +506 2519 0800. Fax +506 2519 0811.</font></div>    </td>\r\n  </tr>\r\n  <tr> \r\n    <td bgcolor=\"#FFFFFF\"> \r\n      <div align=\"left\"><font face=\"Verdana, Arial, Helvetica, sans-serif\" size=\"1\" color=\"#666666\">Network Operation Center ERC, 300 m. sur de la iglesia de Tib&aacute;s, \r\n        Contiguo a Ciclo Canet, San Jos&eacute; , Costa Rica. Tel&eacute;fono \r\n        +506 2236 0045. Fax +506 2519 0810.</font></div>    </td>\r\n  </tr>\r\n</table>'),(6,8,'<table width=\"100%\" border=\"0\" cellspacing=\"0\" cellpadding=\"0\">\r\n  <tr> \r\n    <td bgcolor=\"#FFFFFF\"> \r\n      <div align=\"left\"><font color=\"#666666\">_________________________________________________________________________________________________________________________</font></div>    </td>\r\n  </tr>\r\n  \r\n  <tr> \r\n    <td bgcolor=\"#FFFFFF\"> \r\n      <div align=\"left\"><font face=\"Verdana, Arial, Helvetica, sans-serif\" size=\"1\" color=\"#666666\">Soporte T&eacute;cnico EDV Software S.A  Pital de San Carlos. Costa Rica Telf +506 2473 2544 +506 8340 9494. Correo Electr&oacute;nico edv_software@yahoo.com </font></div>    </td>\r\n  </tr>\r\n  <tr> \r\n    <td bgcolor=\"#FFFFFF\">&nbsp;</td>\r\n  </tr>\r\n\r\n\r\n<span id=\"cdSiteSeal1\"><script type=\"text/javascript\" src=\"//tracedseals.starfieldtech.com/siteseal/get?scriptId=cdSiteSeal1&amp;cdSealType=Seal1&amp;sealId=55e4ye7y7mb73b3e4475b13492e203b0ky7mb7355e4ye7523ba5c35a8d421777\"></script></span>\r\n</table>\r\n'),(7,11,'<table width=\"100%\" border=\"0\" cellspacing=\"0\" cellpadding=\"0\">\r\n  <tr> \r\n    <td bgcolor=\"#FFFFFF\"> \r\n      <div align=\"left\"><font color=\"#666666\">_________________________________________________________________________________________________________________________</font></div>    </td>\r\n  </tr>\r\n  \r\n  <tr> \r\n    <td bgcolor=\"#FFFFFF\"> \r\n      <div align=\"left\"><font face=\"Verdana, Arial, Helvetica, sans-serif\" size=\"1\" color=\"#666666\">Instancia Novistar Nicaragua. Ericsson CR Oficentro Torre La Sabana, 9&deg; piso. P.O. Box 10073-1000 \r\n        San Jose, Costa Rica. Tel&eacute;fono +506 2519 0800. Fax +506 2519 0811.</font></div>    </td>\r\n  </tr>\r\n  <tr> \r\n    <td bgcolor=\"#FFFFFF\"> \r\n      <div align=\"left\"><font face=\"Verdana, Arial, Helvetica, sans-serif\" size=\"1\" color=\"#666666\">Network Operation Center ERC, 300 m. sur de la iglesia de Tib&aacute;s, \r\n        Contiguo a Ciclo Canet, San Jos&eacute; , Costa Rica. Tel&eacute;fono \r\n        +506 2236 0045. Fax +506 2519 0810.</font></div>    </td>\r\n  </tr>\r\n\r\n<span id=\"cdSiteSeal1\"><script type=\"text/javascript\" src=\"//tracedseals.starfieldtech.com/siteseal/get?scriptId=cdSiteSeal1&amp;cdSealType=Seal1&amp;sealId=55e4ye7y7mb73b3e4475b13492e203b0ky7mb7355e4ye7523ba5c35a8d421777\"></script></span>\r\n\r\n</table>'),(8,12,'<table width=\"100%\" border=\"0\" cellspacing=\"0\" cellpadding=\"0\">\r\n  <tr> \r\n    <td bgcolor=\"#FFFFFF\"> \r\n      <div align=\"left\"><font color=\"#666666\">_________________________________________________________________________________________________________________________</font></div>    </td>\r\n  </tr>\r\n  \r\n  <tr> \r\n    <td bgcolor=\"#FFFFFF\"> \r\n      <div align=\"left\"><font face=\"Verdana, Arial, Helvetica, sans-serif\" size=\"1\" color=\"#666666\">Instancia Novistar Guatemala. Ericsson CR Oficentro Torre La Sabana, 9&deg; piso. P.O. Box 10073-1000 \r\n        San Jose, Costa Rica. Tel&eacute;fono +506 2519 0800. Fax +506 2519 0811.</font></div>    </td>\r\n  </tr>\r\n  <tr> \r\n    <td bgcolor=\"#FFFFFF\"> \r\n      <div align=\"left\"><font face=\"Verdana, Arial, Helvetica, sans-serif\" size=\"1\" color=\"#666666\">Network Operation Center ERC, 300 m. sur de la iglesia de Tib&aacute;s, \r\n        Contiguo a Ciclo Canet, San Jos&eacute; , Costa Rica. Tel&eacute;fono \r\n        +506 2236 0045. Fax +506 2519 0810.</font></div>    </td>\r\n  </tr>\r\n\r\n<span id=\"cdSiteSeal1\"><script type=\"text/javascript\" src=\"//tracedseals.starfieldtech.com/siteseal/get?scriptId=cdSiteSeal1&amp;cdSealType=Seal1&amp;sealId=55e4ye7y7mb73b3e4475b13492e203b0ky7mb7355e4ye7523ba5c35a8d421777\"></script></span>\r\n</table>'),(9,3,'<table width=\"100%\" border=\"0\" cellspacing=\"0\" cellpadding=\"0\">\r\n  <tr> \r\n    <td bgcolor=\"#FFFFFF\"> \r\n      <div align=\"left\"><font color=\"#666666\">_________________________________________________________________________________________________________________________</font></div>    </td>\r\n  </tr>\r\n  \r\n  <tr> \r\n    <td bgcolor=\"#FFFFFF\"> \r\n      <div align=\"left\"><font face=\"Verdana, Arial, Helvetica, sans-serif\" size=\"1\" color=\"#666666\">Instancia Am&eacute;rica Movil O&M. Ericsson \r\n        de Costa Rica S.A. Oficentro Torre La Sabana, 9&deg; piso. P.O. Box 10073-1000 \r\n        San Jose, Costa Rica. Tel&eacute;fono +506 2519 0800. Fax +506 2519 0811.</font></div>    </td>\r\n  </tr>\r\n  <tr> \r\n    <td bgcolor=\"#FFFFFF\"> \r\n      <div align=\"left\"><font face=\"Verdana, Arial, Helvetica, sans-serif\" size=\"1\" color=\"#666666\">Network Operation Center ERC, 300 m. sur de la iglesia de Tib&aacute;s, \r\n        Contiguo a Ciclo Canet, San Jos&eacute; , Costa Rica. Tel&eacute;fono \r\n        +506 2236 0045. Fax +506 2519 0810.</font></div>    </td>\r\n  </tr>\r\n</table>');
/*!40000 ALTER TABLE `web_construct` ENABLE KEYS */;
UNLOCK TABLES;

--
-- Table structure for table `web_perfil`
--

DROP TABLE IF EXISTS `web_perfil`;
/*!40101 SET @saved_cs_client     = @@character_set_client */;
/*!40101 SET character_set_client = utf8 */;
CREATE TABLE `web_perfil` (
  `web_perfil_id` int(10) unsigned NOT NULL AUTO_INCREMENT,
  `Perfil` varchar(15) NOT NULL DEFAULT '',
  PRIMARY KEY (`web_perfil_id`)
) ENGINE=InnoDB AUTO_INCREMENT=2 DEFAULT CHARSET=latin1;
/*!40101 SET character_set_client = @saved_cs_client */;

--
-- Dumping data for table `web_perfil`
--

LOCK TABLES `web_perfil` WRITE;
/*!40000 ALTER TABLE `web_perfil` DISABLE KEYS */;
INSERT INTO `web_perfil` VALUES (0,'Interno'),(1,'Externo');
/*!40000 ALTER TABLE `web_perfil` ENABLE KEYS */;
UNLOCK TABLES;

--
-- Table structure for table `web_user`
--

DROP TABLE IF EXISTS `web_user`;
/*!40101 SET @saved_cs_client     = @@character_set_client */;
/*!40101 SET character_set_client = utf8 */;
CREATE TABLE `web_user` (
  `web_user_id` int(10) unsigned NOT NULL AUTO_INCREMENT,
  `company_id` int(10) unsigned NOT NULL DEFAULT '0',
  `nombre` varchar(45) NOT NULL DEFAULT '',
  `web_login` varchar(45) NOT NULL DEFAULT '',
  `web_password` varchar(45) NOT NULL DEFAULT '',
  `valid_date` datetime NOT NULL DEFAULT '0000-00-00 00:00:00',
  `active` enum('True','False') NOT NULL DEFAULT 'True',
  `perfil` int(10) unsigned NOT NULL DEFAULT '0' COMMENT '0 interno 1 externo',
  PRIMARY KEY (`web_user_id`),
  UNIQUE KEY `web_login_uk` (`web_login`) USING BTREE,
  KEY `web_user_company_id` (`company_id`),
  CONSTRAINT `web_user_company_id` FOREIGN KEY (`company_id`) REFERENCES `company` (`company_id`)
) ENGINE=InnoDB AUTO_INCREMENT=158 DEFAULT CHARSET=latin1;
/*!40101 SET character_set_client = @saved_cs_client */;

--
-- Dumping data for table `web_user`
--

LOCK TABLES `web_user` WRITE;
/*!40000 ALTER TABLE `web_user` DISABLE KEYS */;
INSERT INTO `web_user` VALUES (1,1,'Felix Castro','fecast','mono','0000-00-00 00:00:00','True',0),(4,1,'ericsson','ericsson','ericsson1','0000-00-00 00:00:00','True',0),(5,0,'Luis Diego Garcia','qluisga','fiorella','2010-09-22 14:29:58','True',0),(7,0,'Andres Elias','eeliand','eeliand','2010-09-22 14:30:20','True',0),(10,0,'Jorge Hernandez','qjorher','jhm1977','2010-09-22 14:30:25','True',0),(16,0,'Emilio Hidalgo','eemihid','malacrianzha','2010-09-22 14:36:27','True',0),(17,0,'Erick Gomez','egomeri','Guanacaste10','2010-09-22 14:36:57','True',0),(20,0,'Fernando Kepfer','eferkep','fkc63188','2010-09-22 14:37:19','True',0),(21,0,'Francisco Xavier Martin','xamart','xamart','2010-09-22 14:38:00','True',0),(22,0,'Freddy Gomez','ercfga','aidualc1','2010-09-22 14:38:04','True',0),(24,0,'Greivin Perez','greivin','gperez','2010-09-22 14:38:10','True',0),(25,0,'Gustavo Gonzáles','qgusgo','gustavo','2010-09-22 14:38:13','True',0),(26,0,'Jefrey Aguilar Bolaños','ejefagu','aguilar','2010-09-22 14:38:38','True',0),(28,0,'Jorge Obando','ejoroba','ejoroba','2010-09-22 14:43:57','True',0),(29,0,'Jose Alfaro','ealfaro','ejoalfa','2010-09-22 14:43:58','True',0),(30,0,'Leo Herrera','eleoher','leo','2010-09-22 14:44:16','True',0),(31,0,'Macsee Vallejos','emacval','01TT06','2010-09-22 14:44:30','True',0),(36,0,'Rafael Mata Moya','erafmat','paraiso1','2010-09-22 14:45:00','True',0),(38,0,'Raúl Díaz Fuentes','fuentes','diaz80','2010-09-24 12:15:05','True',0),(41,1,'Jorge Solano','jsolano','jsolano','2011-03-22 08:43:41','True',1),(45,0,'Carlos Fernandez Fernandez','ecasfez','carlos99','2011-06-28 15:08:08','True',0),(46,0,'Norberto Molina Rojas','enormol','ericsson1','2011-07-06 18:02:21','True',0),(47,0,'David Navarro Herrera','qdavnav','Bvlg011083','2011-07-08 16:35:36','True',0),(50,0,'Noc-ERC','noc-erc','manchas','2011-07-11 11:11:08','True',0),(51,0,'Natzuli Berguio','ENATZUL','ericsson1','2011-08-22 11:04:02','True',0),(56,3,'Telefonica','Telefonica','telefonica2011','2011-09-21 07:50:46','True',1),(59,2,'Cable Tica','cabletica','2011tica','2011-12-08 17:27:23','True',1),(60,0,'Diana Maldonado','dmaldonado','123456789','2012-01-10 11:58:59','True',0),(62,0,'Gerardo Mejia Alvarez','gemeal_mx','gemeal_mx','2012-01-11 12:27:15','True',0),(63,0,'Jaime Romero','jaimrome','jaimrome','2012-01-11 12:27:18','True',0),(64,0,'Oscar Pacheco','oscarite','oscarite','2012-01-11 12:27:21','True',0),(66,0,'Juan Diego Acuña','juacun','juacun','2012-01-12 16:33:43','True',0),(67,0,'Ariel Perez','APP08286','dariel01','2012-01-27 15:50:47','True',0),(70,0,'Carlos Batista','CBB80017','CBB80017','2012-01-27 15:57:57','True',0),(71,0,'Ariel Arias','AAA08411','2915_Mail','2012-02-01 11:19:02','True',0),(72,0,'Radio Bases CW','rbscw','rbscw135','2012-02-01 15:49:04','True',0),(75,0,'Jose Riggioni','jorigg','ercjori','2012-02-06 17:20:42','True',0),(81,3,'Arturo','juarez','telef0n1ca','2012-02-09 18:02:36','True',1),(83,0,'Victor Padilla','vpadilla123','march1981','2012-02-15 17:28:05','True',0),(85,0,'Cristina Montero','CMM07204','03041976','2012-03-06 09:23:25','True',0),(86,0,'Curtis Colomb','CCC01477','0462','2012-03-06 09:23:45','True',0),(87,0,'Edwin Harris','EHH80336','ehh80336','2012-03-06 09:24:07','True',0),(88,0,'Federico Brown','FBB80133','Cambio0133','2012-03-06 09:24:25','True',0),(89,0,'Jorge Castillo','JCC01885','gprs2012','2012-03-06 09:24:51','True',0),(90,0,'Jorge Enrique Castillo','JCC80381','movil2012','2012-03-06 09:25:02','True',0),(91,0,'Jorge Rodriguez','JRR03570','Febrero2012','2012-03-06 09:25:23','True',0),(93,0,'Jose Carrillo','JCC03988','jcc03988','2012-03-06 09:27:22','True',0),(94,0,'José Toribio','JTT00399','panama21','2012-03-06 09:28:02','True',0),(95,0,'Juan Gabriel Pimentel','JPP80337','gaby1029','2012-03-06 09:28:21','True',0),(96,0,'Luis Aguilar','LAA02565','dominguez','2012-03-06 09:28:37','True',0),(97,0,'Luis Luna','LLM03603','Lizkarla26','2012-03-06 09:28:49','True',0),(98,0,'Martin Sanchez','MSS06198','mss06198','2012-03-06 09:29:05','True',0),(99,0,'Nicolas Arauz','NAA80372','Alexis25','2012-03-06 09:29:22','True',0),(100,0,'Pablo Beitia','PBC05955','Changuinola','2012-03-06 09:29:29','True',0),(103,0,'Juan Vega','JVV90209','juan123','2012-03-12 11:06:16','True',0),(106,0,'Alex Yanez','AYY08524','lomaslindo','2012-06-01 10:19:36','True',0),(112,4,'Accesos Claro','Accesos','Seguridad','2012-11-17 11:39:59','True',1),(116,7,'Telefonica NIC','TEMNIC','TEMNIC2013','2013-01-03 11:49:57','True',1),(120,0,'Mario Joseffil Cruz Olivares','emajocro','majoc2619112012','2013-01-21 11:02:02','True',0),(126,8,'Guatemala','Guatemala','Guatemala2013','2013-02-13 19:40:30','True',0),(130,0,'Alex Rosales','EALEROS','Ericsson1','2013-03-05 16:54:45','True',0),(132,0,'Edgar Lopez','lopez','','2013-03-11 10:50:36','True',0),(138,0,'Jose Luis Rabadan','ejoraba','ejoraba','2013-08-15 14:25:53','True',0),(143,0,'James Gustín','jagust','jagust','2013-10-10 07:39:41','True',0),(144,0,'Felipe Caro','fecaro','Kratos790@','2013-10-10 07:40:54','True',0),(148,4,'CRAMX','CRAMX','eric55on2013','2013-10-21 10:45:34','True',1),(149,8,'Rodolfo','TEMROSALES','ro1234++','2013-10-24 10:21:26','True',1),(150,8,'Raúl menard','TEMRAUL','ra1234--','2013-10-24 10:25:29','True',1),(151,8,'Marlon Ixcot','TEMMARL','ma4321++','2013-10-24 10:27:24','True',1),(152,8,'Jorge Saavedra','TEMSAAV','sa123--','2013-10-24 10:29:10','True',1),(153,8,'Flor Mencos','TEMFLOR','flor123++','2013-10-24 10:30:53','True',1),(155,0,'Daniel Rodriguez','edalroz','geminis','2013-10-29 14:46:25','True',0),(156,0,'Isaac Garita','eisaaga','isaac4','2013-11-11 15:33:00','True',0),(157,0,'Roberto Gámez','Gamez','ericsson1','2013-11-11 16:35:49','True',0);
/*!40000 ALTER TABLE `web_user` ENABLE KEYS */;
UNLOCK TABLES;

--
-- Dumping routines for database 'kernel'
--
/*!40103 SET TIME_ZONE=@OLD_TIME_ZONE */;

/*!40101 SET SQL_MODE=@OLD_SQL_MODE */;
/*!40014 SET FOREIGN_KEY_CHECKS=@OLD_FOREIGN_KEY_CHECKS */;
/*!40014 SET UNIQUE_CHECKS=@OLD_UNIQUE_CHECKS */;
/*!40101 SET CHARACTER_SET_CLIENT=@OLD_CHARACTER_SET_CLIENT */;
/*!40101 SET CHARACTER_SET_RESULTS=@OLD_CHARACTER_SET_RESULTS */;
/*!40101 SET COLLATION_CONNECTION=@OLD_COLLATION_CONNECTION */;
/*!40111 SET SQL_NOTES=@OLD_SQL_NOTES */;

-- Dump completed on 2013-12-13 16:24:59
